corpusid,externalids,url,title,authors,venue,publicationvenueid,year,referencecount,citationcount,influentialcitationcount,isopenaccess,s2fieldsofstudy,publicationtypes,publicationdate,journal,PubMed,PubMedCentral,MAG,ACL,ArXiv,DBLP,DOI
9930113,"{'ACL': None, 'DBLP': None, 'ArXiv': None, 'MAG': '73563253', 'CorpusId': '9930113', 'PubMed': None, 'DOI': None, 'PubMedCentral': None}",https://www.semanticscholar.org/paper/056ebf1ca5f3eb7b281f7344c99bd14db2212ff5,Red Gold - Raising Cochineal in Oaxaca,"[{'authorId': '144248839', 'name': 'Eric Santiago'}, {'authorId': '113026546', 'name': 'H. Lozano'}]",,,2010,9,1,0,False,"[{'category': 'Agricultural and Food Sciences', 'source': 's2-fos-model'}, {'category': 'Environmental Science', 'source': 's2-fos-model'}, {'category': 'Art', 'source': 'external'}]",,,"{'name': '', 'pages': None, 'volume': ''}",,,73563253,,,,
65325816,"{'ACL': None, 'DBLP': None, 'ArXiv': None, 'MAG': '2771927260', 'CorpusId': '65325816', 'PubMed': None, 'DOI': None, 'PubMedCentral': None}",https://www.semanticscholar.org/paper/cb563e75108895265cb1a78459bb042c547650f6,A method for determining the position of a paper machine body and a measuring apparatus used in the method,"[{'authorId': '72697991', 'name': 'K. Koivisto'}, {'authorId': '2095897249', 'name': 'Vesa Rautiainen'}]",,,2006,0,0,0,False,"[{'category': 'Engineering', 'source': 's2-fos-model'}, {'category': 'Computer Science', 'source': 'external'}]",,2006-09-06,"{'name': '', 'pages': None, 'volume': ''}",,,2771927260,,,,
253618518,"{'ACL': None, 'DBLP': None, 'ArXiv': None, 'MAG': None, 'CorpusId': '253618518', 'PubMed': None, 'DOI': '10.1079/cabicompendium.102375', 'PubMedCentral': None}",https://www.semanticscholar.org/paper/d03611df4434a7cf3118e252ff41559dc0c83337,Glugoides,[],CABI Compendium,5749d807-7b13-4dd9-8b3d-38479eabfa96,2022,0,0,0,False,,,2022-01-07,"{'name': 'CABI Compendium', 'pages': None, 'volume': None}",,,,,,,10.1079/cabicompendium.102375
178887072,"{'ACL': None, 'DBLP': None, 'ArXiv': None, 'MAG': '2015181790', 'CorpusId': '178887072', 'PubMed': None, 'DOI': '10.1038/nature.2012.10102', 'PubMedCentral': None}",https://www.semanticscholar.org/paper/b4f25a121d0aea581884ee26d55ab8402fbb4774,Indian science adviser caught up in plagiarism row,"[{'authorId': '145831917', 'name': 'K. Jayaraman'}]",Nature,6c24a0a0-b07d-4d7b-a19b-fd09a3ed453a,2012,2,6,0,False,"[{'category': 'Education', 'source': 's2-fos-model'}, {'category': 'Materials Science', 'source': 'external'}]",,2012-02-24,"{'name': 'Nature', 'pages': None, 'volume': None}",,,2015181790,,,,10.1038/nature.2012.10102
168917853,"{'ACL': None, 'DBLP': None, 'ArXiv': None, 'MAG': '2622851449', 'CorpusId': '168917853', 'PubMed': None, 'DOI': None, 'PubMedCentral': None}",https://www.semanticscholar.org/paper/5ab691f72480bdc3cd878553eb1a184292bd65fb,Il progetto della friche per le periferie residenziali,"[{'authorId': '2717927', 'name': 'Annalisa Metta'}]",,,2013,0,0,0,False,,,,"{'name': '', 'pages': '57-64', 'volume': ''}",,,2622851449,,,,
171679629,"{'ACL': None, 'DBLP': None, 'ArXiv': None, 'MAG': None, 'CorpusId': '171679629', 'PubMed': None, 'DOI': '10.1177/0040571X4404729014', 'PubMedCentral': None}",https://www.semanticscholar.org/paper/530f2084152489d22e3b5e638252c951e41d4cbf,Book Review: The Destiny of Man,"[{'authorId': '118397342', 'name': 'R. Fuller'}]",,,1944,0,0,0,False,,['Review'],1944-08-01,"{'name': 'Theology', 'pages': '191 - 192', 'volume': '47'}",,,,,,,10.1177/0040571X4404729014
241084347,"{'ACL': None, 'DBLP': None, 'ArXiv': None, 'MAG': None, 'CorpusId': '241084347', 'PubMed': None, 'DOI': '10.1017/9781108868280.002', 'PubMedCentral': None}",https://www.semanticscholar.org/paper/359ec865f928c5f68b04c92518adac45dec5a4e6,Confessional Culture,[],Life after Privacy,,2020,0,0,0,False,,,2020-08-31,"{'name': 'Life after Privacy', 'pages': None, 'volume': None}",,,,,,,10.1017/9781108868280.002
16492375,"{'ACL': None, 'DBLP': None, 'ArXiv': 'hep-ph/9707368', 'MAG': '2041339020', 'CorpusId': '16492375', 'PubMed': None, 'DOI': '10.1016/S0920-5632(97)01110-9', 'PubMedCentral': None}",https://www.semanticscholar.org/paper/5ce5c12546a837f5d460b52ae966fa96941def17,A new look at hadronic B decays,"[{'authorId': '3323425', 'name': 'M. Neubert'}]",,,1997,31,3,0,True,"[{'category': 'Physics', 'source': 's2-fos-model'}, {'category': 'Physics', 'source': 'external'}]",,1997-07-17,"{'name': 'arXiv: High Energy Physics - Phenomenology', 'pages': '474-480', 'volume': '64'}",,,2041339020,,hep-ph/9707368,,10.1016/S0920-5632(97)01110-9
139856224,"{'ACL': None, 'DBLP': None, 'ArXiv': None, 'MAG': '2888223114', 'CorpusId': '139856224', 'PubMed': None, 'DOI': '10.31788/rjc.2018.1132098', 'PubMedCentral': None}",https://www.semanticscholar.org/paper/cd74dd1102830d8236b13c50397f2fff0aa53e0b,HIGH PERFORMANCE LIQUID CHROMATOGRAPHY FOR α-MANGOSTIN ANALYSIS IN MANGOSTEEN PERICARP EXTRACT FOR ROUTINE ANALYSIS WITH PHOTODIODE ARRAY DETECTOR,"[{'authorId': '47421326', 'name': 'M. Muchtaridi'}, {'authorId': '2091818716', 'name': 'Moses Prasetio'}, {'authorId': '74317331', 'name': 'N. M. Saptarini'}, {'authorId': '51162569', 'name': 'F. A. Saputri'}]",,,2018,4,2,0,False,"[{'category': 'Chemistry', 'source': 's2-fos-model'}, {'category': 'Environmental Science', 'source': 's2-fos-model'}, {'category': 'Medicine', 'source': 's2-fos-model'}, {'category': 'Materials Science', 'source': 'external'}]",,,"{'name': '', 'pages': '973-978', 'volume': '11'}",,,2888223114,,,,10.31788/rjc.2018.1132098
195728009,"{'ACL': None, 'DBLP': None, 'ArXiv': None, 'MAG': '2951167707', 'CorpusId': '195728009', 'PubMed': None, 'DOI': '10.2174/1874285801913010154', 'PubMedCentral': None}",https://www.semanticscholar.org/paper/18e5c2d26ab0a3a43e7ff92c86332b58730e0aec,Taxonomic and Functional Annotation of Termite Degraded Butea monosperma (Lam.) Kuntze (Flame of the Forest),"[{'authorId': '36922449', 'name': 'Ashwani Kumar'}, {'authorId': '144063337', 'name': 'Preeti Vyas'}, {'authorId': '46246136', 'name': 'M. A. Malla'}, {'authorId': '2144065522', 'name': 'Anamika Dubey'}]",Open Microbiology Journal,d2d3f744-fc7d-42e8-9593-c8cfabdfd548,2019,51,10,0,False,"[{'category': 'Environmental Science', 'source': 's2-fos-model'}, {'category': 'Biology', 'source': 's2-fos-model'}, {'category': 'Biology', 'source': 'external'}]",,2019-05-31,"{'name': 'The Open Microbiology Journal', 'pages': None, 'volume': None}",,,2951167707,,,,10.2174/1874285801913010154
19135917,"{'ACL': None, 'DBLP': None, 'ArXiv': None, 'MAG': '1997358606', 'CorpusId': '19135917', 'PubMed': '20703889', 'DOI': '10.1007/s00701-010-0759-6', 'PubMedCentral': None}",https://www.semanticscholar.org/paper/0e81aa5d4f65db34b783a20c7f5081e6e1ab7838,The first 3 months after BCNU wafers implantation in high-grade glioma patients: clinical and radiological considerations on a clinical series,"[{'authorId': '49633803', 'name': 'A. Della Puppa'}, {'authorId': '35419589', 'name': 'M. Rossetto'}, {'authorId': '6725301', 'name': 'P. Ciccarino'}, {'authorId': '2060811736', 'name': 'G. Moro'}, {'authorId': '7617386', 'name': 'A. Rotilio'}, {'authorId': '46214198', 'name': 'R. Manara'}, {'authorId': '88194904', 'name': 'Marina Paola Gardiman'}, {'authorId': '3192862', 'name': 'L. Denaro'}, {'authorId': '7642730', 'name': ""D. d'Avella""}, {'authorId': '6949201', 'name': 'R. Scienza'}]",Acta Neurochirurgica,e7a63f54-f18c-4f5c-8d7a-eaa39097458d,2010,24,25,1,False,"[{'category': 'Medicine', 'source': 's2-fos-model'}, {'category': 'Medicine', 'source': 'external'}]","['JournalArticle', 'ClinicalTrial']",2010-08-13,"{'name': 'Acta Neurochirurgica', 'pages': '1923-1931', 'volume': '152'}",20703889,,1997358606,,,,10.1007/s00701-010-0759-6
57163336,"{'ACL': None, 'DBLP': None, 'ArXiv': None, 'MAG': '2329096737', 'CorpusId': '57163336', 'PubMed': None, 'DOI': '10.1021/AC60155A018', 'PubMedCentral': None}",https://www.semanticscholar.org/paper/f84d070af0fcfe7d07fa537819eab644f826bbae,Spectrophotometric titration of water in acetic acid,"[{'authorId': '91299532', 'name': 'S. Bruckenstein'}]",,,1959,7,3,0,False,"[{'category': 'Chemistry', 'source': 's2-fos-model'}, {'category': 'Chemistry', 'source': 'external'}, {'category': 'Computer Science', 'source': 'external'}]",,1959-11-01,"{'name': 'Scopus', 'pages': None, 'volume': ''}",,,2329096737,,,,10.1021/AC60155A018
271178615,"{'ACL': None, 'DBLP': None, 'ArXiv': None, 'MAG': None, 'CorpusId': '271178615', 'PubMed': None, 'DOI': '10.3406/austr.1977.1838', 'PubMedCentral': None}",https://www.semanticscholar.org/paper/e3057c6d424a40e3f455c28a5e795e78f7a704ce,Réflexions sur la musique autrichienne,"[{'authorId': '2311281229', 'name': 'Gustave Kars'}]",Austriaca,63d41e09-8280-440a-b7dc-2b08fc39bb8d,1977,0,0,0,False,,['JournalArticle'],,"{'name': 'Austriaca', 'pages': None, 'volume': None}",,,,,,,10.3406/austr.1977.1838
128776622,"{'ACL': None, 'DBLP': None, 'ArXiv': None, 'MAG': '1551961979', 'CorpusId': '128776622', 'PubMed': None, 'DOI': '10.2307/2208315', 'PubMedCentral': None}",https://www.semanticscholar.org/paper/2a246a777a26d96bd1901252f64f74779d3d6413,South Carolina colonial land policies,"[{'authorId': '104981723', 'name': 'Robert K. Ackerman'}]",,,1977,0,11,0,False,"[{'category': 'History', 'source': 's2-fos-model'}, {'category': 'Political Science', 'source': 's2-fos-model'}, {'category': 'Geography', 'source': 'external'}]",,,,,,1551961979,,,,10.2307/2208315
45881439,"{'ACL': None, 'DBLP': None, 'ArXiv': None, 'MAG': '2414307570', 'CorpusId': '45881439', 'PubMed': '1764893', 'DOI': None, 'PubMedCentral': None}",https://www.semanticscholar.org/paper/edbea8501a63f21ab147ec7e4017988bc82768fd,"Specific reading disability in children: etiology, diagnosis and intervention.","[{'authorId': '46498904', 'name': 'K. Lecluyse'}, {'authorId': '118054347', 'name': 'M. Williams'}, {'authorId': '1403993288', 'name': 'A. Rock-Faucheux'}]",Comprehensive therapy,fe10cbb2-8959-43be-bd04-09c82e5378eb,1991,0,1,0,False,"[{'category': 'Education', 'source': 's2-fos-model'}, {'category': 'Medicine', 'source': 's2-fos-model'}, {'category': 'Psychology', 'source': 's2-fos-model'}, {'category': 'Medicine', 'source': 'external'}]",['JournalArticle'],1991-10-01,"{'name': 'Comprehensive therapy', 'pages': '\n          3-6\n        ', 'volume': '17 10'}",1764893,,2414307570,,,,
234561917,"{'ACL': None, 'DBLP': None, 'ArXiv': None, 'MAG': '3114394939', 'CorpusId': '234561917', 'PubMed': None, 'DOI': '10.1088/1757-899X/932/1/012048', 'PubMedCentral': None}",https://www.semanticscholar.org/paper/c7a89c568b7389de78fd5df6681c65c33b4f39df,Surface Water Treatment with Natural Starches as Coagulant via Coagulation Process,"[{'authorId': '47403187', 'name': 'N. Zainol'}, {'authorId': '1381437838', 'name': 'S. Bakar'}, {'authorId': '89135405', 'name': 'S. N. Zailani'}, {'authorId': '96295048', 'name': 'A. A. Ghani'}, {'authorId': '2106577105', 'name': 'K. S. Ahmad Sohaimi'}]",IOP Conference Series: Materials Science and Engineering,,2020,7,5,0,False,"[{'category': 'Environmental Science', 'source': 's2-fos-model'}, {'category': 'Physics', 'source': 'external'}, {'category': 'Chemistry', 'source': 'external'}]",['Conference'],2020-12-18,"{'name': 'IOP Conference Series: Materials Science and Engineering', 'pages': None, 'volume': '932'}",,,3114394939,,,,10.1088/1757-899X/932/1/012048
240775538,"{'ACL': None, 'DBLP': None, 'ArXiv': None, 'MAG': None, 'CorpusId': '240775538', 'PubMed': None, 'DOI': '10.1287/orms.2012.03.19in', 'PubMedCentral': None}",https://www.semanticscholar.org/paper/ae088f56d13e3ed4f3c27fb4c9617b8f5bcc7dcf,Booz Allen earns Innovation in Analytics Award,[],"Volume 39, Number 3, June 2012",,2019,0,0,0,False,,,2019-09-03,"{'name': 'Volume\xa039, Number\xa03, June\xa02012', 'pages': None, 'volume': None}",,,,,,,10.1287/orms.2012.03.19in
237842496,"{'ACL': None, 'DBLP': None, 'ArXiv': None, 'MAG': '3173568419', 'CorpusId': '237842496', 'PubMed': None, 'DOI': '10.4000/books.efr.7802', 'PubMedCentral': None}",https://www.semanticscholar.org/paper/c14ce3ff6d5165f6534709cbab53a8c07e4915ab,Le marché des matières premières dans l’Antiquité et au Moyen Âge,"[{'authorId': '100519542', 'name': 'Didier Boisseuil'}, {'authorId': '27277333', 'name': 'Christian Rico'}, {'authorId': '2076865187', 'name': 'Sauro Gelichi'}]",,,2021,0,0,0,False,,,2021-06-16,"{'name': '', 'pages': None, 'volume': ''}",,,3173568419,,,,10.4000/books.efr.7802
28199803,"{'ACL': None, 'DBLP': None, 'ArXiv': None, 'MAG': '2150479957', 'CorpusId': '28199803', 'PubMed': '18158617', 'DOI': '10.1007/S10508-007-9297-6', 'PubMedCentral': None}",https://www.semanticscholar.org/paper/a165bbcd1b4e168beac768f58d4e6778a89e53b0,Why the Human Penis is Larger than in the Great Apes,"[{'authorId': '15212369', 'name': 'Edwin A Bowman'}]",Archives of Sexual Behavior,f4cc4e7f-1e5d-4380-a81f-a90d0c945282,2008,0,5,0,False,"[{'category': 'Biology', 'source': 's2-fos-model'}, {'category': 'Psychology', 'source': 'external'}, {'category': 'Medicine', 'source': 'external'}]",['LettersAndComments'],2008-06-01,"{'name': 'Archives of Sexual Behavior', 'pages': '361', 'volume': '37'}",18158617,,2150479957,,,,10.1007/S10508-007-9297-6
67774686,"{'ACL': None, 'DBLP': None, 'ArXiv': None, 'MAG': '2101628805', 'CorpusId': '67774686', 'PubMed': None, 'DOI': '10.1017/S014338570000941X', 'PubMedCentral': None}",https://www.semanticscholar.org/paper/6dd6309f36d18e4706995159a87eb7ba91884630,Mappings and homological properties in the Conley index theory,"[{'authorId': '51121784', 'name': 'C. McCord'}]",Ergodic Theory and Dynamical Systems,b87ce56a-c1bf-469d-b1b2-4bc9b9847813,1988,11,43,3,True,"[{'category': 'Mathematics', 'source': 's2-fos-model'}, {'category': 'Mathematics', 'source': 'external'}]",,1988-12-01,"{'name': 'Ergodic Theory and Dynamical Systems', 'pages': '175 - 198', 'volume': '8'}",,,2101628805,,,,10.1017/S014338570000941X
235530281,"{'ACL': None, 'DBLP': None, 'ArXiv': None, 'MAG': '3159614427', 'CorpusId': '235530281', 'PubMed': None, 'DOI': '10.1016/J.POWTEC.2021.04.046', 'PubMedCentral': None}",https://www.semanticscholar.org/paper/0ccb5be0b0507abb501b485752ed1ba403e1a03f,Numerical investigation of the penetrating gas flow into particle clusters for circulating fluidized beds,"[{'authorId': '7621449', 'name': 'Xiaoyang Wei'}, {'authorId': '144297332', 'name': 'J. Weber'}, {'authorId': '1891156', 'name': 'R. Breault'}]",,,2021,41,3,0,False,"[{'category': 'Engineering', 'source': 's2-fos-model'}, {'category': 'Physics', 'source': 's2-fos-model'}, {'category': 'Materials Science', 'source': 'external'}]",,2021-04-24,"{'name': 'Powder Technology', 'pages': '442-449', 'volume': '388'}",,,3159614427,,,,10.1016/J.POWTEC.2021.04.046
138199703,"{'ACL': None, 'DBLP': None, 'ArXiv': None, 'MAG': '2366720007', 'CorpusId': '138199703', 'PubMed': None, 'DOI': None, 'PubMedCentral': None}",https://www.semanticscholar.org/paper/e6d7a252c4768a613c813ad70f05f917acf349f6,RAW MEALS CONTAINING TRACE RE OXIDES TO IMPROVE QUALITY OF CEMENT CLINKER,"[{'authorId': '123550987', 'name': 'Gao Dehu'}]",,,2000,0,0,0,False,"[{'category': 'Materials Science', 'source': 's2-fos-model'}, {'category': 'Environmental Science', 'source': 's2-fos-model'}, {'category': 'Materials Science', 'source': 'external'}]",,,"{'name': '', 'pages': None, 'volume': ''}",,,2366720007,,,,
153146977,"{'ACL': None, 'DBLP': None, 'ArXiv': None, 'MAG': '1523759387', 'CorpusId': '153146977', 'PubMed': None, 'DOI': '10.2753/PET1061-1991560205', 'PubMedCentral': None}",https://www.semanticscholar.org/paper/8dd5247ea5be1579526e4e212a8a2f48a2b08f0e,Russian Financial Development Institutions,"[{'authorId': '119476789', 'name': 'Iu. Simachev'}, {'authorId': '152260244', 'name': 'M. Kuzyk'}, {'authorId': '2239351978', 'name': 'Denis Ivanov'}]",,,2013,23,7,0,False,"[{'category': 'Economics', 'source': 's2-fos-model'}, {'category': 'Business', 'source': 's2-fos-model'}, {'category': 'Economics', 'source': 'external'}]",,2013-06-01,"{'name': 'Problems of Economic Transition', 'pages': '66 - 95', 'volume': '56'}",,,1523759387,,,,10.2753/PET1061-1991560205
247834289,"{'ACL': None, 'DBLP': None, 'ArXiv': None, 'MAG': None, 'CorpusId': '247834289', 'PubMed': None, 'DOI': '10.15862/05mevv319', 'PubMedCentral': None}",https://www.semanticscholar.org/paper/a9c85ca0519241bdea0483d7779e02eb67f4faa8,Mobilization modernization of the industry of the Russian Federation — a strategic direction of the import substitution process,"[{'authorId': '133550806', 'name': 'A. Abdulkadyrov'}]",Military economic bulletin,930d256a-876a-46ba-9dcb-42144ce956df,2019,0,0,0,False,,,2019-06-01,"{'name': 'Military economic bulletin', 'pages': None, 'volume': None}",,,,,,,10.15862/05mevv319
142083861,"{'ACL': None, 'DBLP': None, 'ArXiv': None, 'MAG': '1491776832', 'CorpusId': '142083861', 'PubMed': None, 'DOI': '10.1108/09504120610672809', 'PubMedCentral': None}",https://www.semanticscholar.org/paper/1ca036c2e32a3607b8348e810c86e0b66c480965,An Eponymous Dictionary of Economics: A Guide to Laws and Theorems Named after Economists,"[{'authorId': '1745753', 'name': 'S. Hannabuss'}]",,,2006,3,10,0,False,"[{'category': 'Economics', 'source': 's2-fos-model'}, {'category': 'Political Science', 'source': 'external'}]",,2006-07-01,"{'name': '', 'pages': '19-20', 'volume': '20'}",,,1491776832,,,,10.1108/09504120610672809
252693062,"{'ACL': None, 'DBLP': None, 'ArXiv': '2210.01503', 'MAG': None, 'CorpusId': '252693062', 'PubMed': '37201103', 'DOI': '10.1038/s41378-023-00528-w', 'PubMedCentral': '10185468'}",https://www.semanticscholar.org/paper/a43b947fcd431b26851214c699359da5557f7ade,Dynamic control of high-voltage actuator arrays by light-pattern projection on photoconductive switches,"[{'authorId': '117479959', 'name': 'Vesna Bacheva'}, {'authorId': '2406257', 'name': 'A. Firouzeh'}, {'authorId': '144250883', 'name': 'E. Leroy'}, {'authorId': '1380937202', 'name': 'Aiste Balciunaite'}, {'authorId': '144502753', 'name': 'D. Dávila'}, {'authorId': '2051334740', 'name': 'I. Gabay'}, {'authorId': '14870528', 'name': 'Federico Paratore'}, {'authorId': '5429967', 'name': 'M. Bercovici'}, {'authorId': '143630447', 'name': 'H. Shea'}, {'authorId': '3316600', 'name': 'G. Kaigala'}]",Microsystems & Nanoengineering,ed22f308-fa1b-4405-acf9-f2f615f11e5a,2022,35,2,0,False,"[{'category': 'Engineering', 'source': 's2-fos-model'}, {'category': 'Physics', 'source': 's2-fos-model'}, {'category': 'Medicine', 'source': 'external'}, {'category': 'Physics', 'source': 'external'}]",['JournalArticle'],2022-10-04,"{'name': 'Microsystems & Nanoengineering', 'pages': None, 'volume': '9'}",37201103,10185468,,,2210.01503,,10.1038/s41378-023-00528-w
201659424,"{'ACL': None, 'DBLP': None, 'ArXiv': None, 'MAG': '2971316923', 'CorpusId': '201659424', 'PubMed': '31468069', 'DOI': '10.1007/s00105-019-04471-8', 'PubMedCentral': None}",https://www.semanticscholar.org/paper/3f62122be7825b3d608e1afca5e60388740c462b,Atypisches Fibroxanthom und pleomorphes dermales Sarkom,"[{'authorId': '47259450', 'name': 'M. Ziemer'}, {'authorId': '2085724904', 'name': 'I. Jäger'}, {'authorId': '2072466977', 'name': 'E. Dippel'}]",Der Hautarzt,b9de2881-79b9-4ff6-8d1d-0c0e3217437a,2019,24,9,0,False,,"['Review', 'JournalArticle']",2019-08-29,"{'name': 'Der Hautarzt', 'pages': '661 - 669', 'volume': '70'}",31468069,,2971316923,,,,10.1007/s00105-019-04471-8
64687638,"{'ACL': None, 'DBLP': None, 'ArXiv': None, 'MAG': '2605902013', 'CorpusId': '64687638', 'PubMed': None, 'DOI': None, 'PubMedCentral': None}",https://www.semanticscholar.org/paper/4efe922465ff43d09a1f899451e2b231040a1b74,Bumpless transfer with and without controller uncertainty: Resolution of key implementation issues,"[{'authorId': '2052687827', 'name': 'K. Zheng'}, {'authorId': '2185953', 'name': 'J. Bentsman'}, {'authorId': '2614213', 'name': 'C. Taft'}]",,,2007,0,0,0,False,"[{'category': 'Engineering', 'source': 's2-fos-model'}, {'category': 'Computer Science', 'source': 'external'}]",,2007-12-01,"{'name': '', 'pages': '60-81', 'volume': ''}",,,2605902013,,,,
42152825,"{'ACL': None, 'DBLP': None, 'ArXiv': None, 'MAG': '2412808970', 'CorpusId': '42152825', 'PubMed': '6588365', 'DOI': None, 'PubMedCentral': None}",https://www.semanticscholar.org/paper/b47406fc6d1470e1d28a2627e2466e8e39c3406a,"[Use of the ""soccu"" chewing stick in Senegal].","[{'authorId': '49565702', 'name': 'N. Ndiaye'}, {'authorId': '49582289', 'name': 'J. Moreau'}]",Odonto-stomatologie tropicale = Tropical dental journal,5e8bcac0-3e20-4d22-bc25-8033053718a0,1983,0,0,0,False,"[{'category': 'Medicine', 'source': 's2-fos-model'}, {'category': 'Medicine', 'source': 'external'}]",['JournalArticle'],1983-12-01,"{'name': 'Odonto-stomatologie tropicale = Tropical dental journal', 'pages': '\n          189-92\n        ', 'volume': '6 4'}",6588365,,2412808970,,,,
110369551,"{'ACL': None, 'DBLP': None, 'ArXiv': None, 'MAG': '2203510876', 'CorpusId': '110369551', 'PubMed': None, 'DOI': None, 'PubMedCentral': None}",https://www.semanticscholar.org/paper/212990cee7122afb0f99c03be800fe3e616f26f4,컨테이너 크레인의 흔들림 제어,"[{'authorId': '82823014', 'name': '박배정'}, {'authorId': '70074767', 'name': '홍금식'}]",,,1998,0,0,0,False,,,1998-05-01,"{'name': '', 'pages': '514-517', 'volume': ''}",,,2203510876,,,,
154462421,"{'ACL': None, 'DBLP': None, 'ArXiv': None, 'MAG': '2065194194', 'CorpusId': '154462421', 'PubMed': None, 'DOI': '10.1017/S0008423900048769', 'PubMedCentral': None}",https://www.semanticscholar.org/paper/1450c4bade3f9f60173b0c552f2c032ee60e9df1,"Denis Smith, Gentle Patriot – A Political Biography of Walter Gordon . Edmonton: Hurtig Publishers, 1973, pp. 416.","[{'authorId': '100838946', 'name': 'M. Donnelly'}]",Canadian Journal of Political Science/Revue canadienne de science politique,a27a4103-8b57-448a-a8ac-745eb7df9345,1974,0,0,0,False,"[{'category': 'Political Science', 'source': 's2-fos-model'}, {'category': 'History', 'source': 's2-fos-model'}, {'category': 'Art', 'source': 'external'}]",,1974-12-01,"{'name': 'Canadian Journal of Political Science', 'pages': '737 - 738', 'volume': '7'}",,,2065194194,,,,10.1017/S0008423900048769
185412623,"{'ACL': None, 'DBLP': None, 'ArXiv': None, 'MAG': '2557927361', 'CorpusId': '185412623', 'PubMed': None, 'DOI': None, 'PubMedCentral': None}",https://www.semanticscholar.org/paper/fa79c0adff3cd17fff98046c7e9b1895c1ca794c,인간과 자연 - 환경문제의 개관 및 환경논리의 제언 -,"[{'authorId': '66611735', 'name': '이경호'}]",,,1985,0,0,0,False,,,,"{'name': '', 'pages': '16-21', 'volume': '7'}",,,2557927361,,,,
227697209,"{'ACL': None, 'DBLP': None, 'ArXiv': None, 'MAG': '3081079947', 'CorpusId': '227697209', 'PubMed': None, 'DOI': None, 'PubMedCentral': None}",https://www.semanticscholar.org/paper/7790747e3d47bea6bf4d10c7a5199095f0d11152,Faut-il un Président aux Français ?,"[{'authorId': '91313294', 'name': 'F. Mitterrand'}]",,,1988,0,0,0,False,,,,"{'name': '', 'pages': '169-176', 'volume': ''}",,,3081079947,,,,
217235673,"{'ACL': None, 'DBLP': None, 'ArXiv': None, 'MAG': '2993546162', 'CorpusId': '217235673', 'PubMed': None, 'DOI': None, 'PubMedCentral': None}",https://www.semanticscholar.org/paper/0758b7cef0bd7a68dd060365d263987ea08b3e62,博物館資料を活用した歴史体験プログラムについて : 「地域素材の教材化」考,"[{'authorId': '135768232', 'name': '嶋村 元宏'}]",,,2017,0,0,0,False,,,,"{'name': '', 'pages': '71-80', 'volume': ''}",,,2993546162,,,,
238161099,"{'ACL': None, 'DBLP': None, 'ArXiv': None, 'MAG': '1484523781', 'CorpusId': '238161099', 'PubMed': None, 'DOI': None, 'PubMedCentral': None}",https://www.semanticscholar.org/paper/b60cef06870f2eefdc5468cd611d520d52f480b8,一手抓防治“非典” 一手抓经济发展,"[{'authorId': '136557148', 'name': '赵长茂'}]",,,2003,0,0,0,False,,,,"{'name': '', 'pages': '1-1', 'volume': ''}",,,1484523781,,,,
29246173,"{'ACL': None, 'DBLP': None, 'ArXiv': None, 'MAG': '2500321114', 'CorpusId': '29246173', 'PubMed': '12403118', 'DOI': '10.1017/S0950268802007501', 'PubMedCentral': None}",https://www.semanticscholar.org/paper/aec9c058e84438003d7eab947abc9b2382d7f7ff,Nucleotide substitutions in vanC-2 gene of Enterococcus casseliflavus isolates obtained from chickens,"[{'authorId': '32669148', 'name': 'T. Murase'}, {'authorId': '36490901', 'name': 'Y. Mito'}, {'authorId': '38688945', 'name': 'K. Otsuki'}, {'authorId': '48954554', 'name': 'R. Suzuki'}, {'authorId': '7943655', 'name': 'S. Yamai'}]",Epidemiology and Infection,395f0dec-14c7-4ab8-ad15-eca1835ca34e,2002,17,7,0,False,"[{'category': 'Biology', 'source': 's2-fos-model'}, {'category': 'Environmental Science', 'source': 's2-fos-model'}, {'category': 'Medicine', 'source': 'external'}, {'category': 'Biology', 'source': 'external'}]",['JournalArticle'],2002-10-01,"{'name': 'Epidemiology and Infection', 'pages': '421 - 424', 'volume': '129'}",12403118,,2500321114,,,,10.1017/S0950268802007501
26397690,"{'ACL': None, 'DBLP': None, 'ArXiv': None, 'MAG': '2469583005', 'CorpusId': '26397690', 'PubMed': '27343978', 'DOI': '10.1016/j.steroids.2016.06.010', 'PubMedCentral': None}",https://www.semanticscholar.org/paper/aec02f253c08625494cff59d5b7b9f1093f1a5ee,Flow-cytometric analysis of reactive oxygen species in cancer cells under treatment with brassinosteroids,"[{'authorId': '7370205', 'name': 'P. Kisselev'}, {'authorId': '7620548', 'name': 'O. V. Panibrat'}, {'authorId': '115636327', 'name': 'Aliaksei R. Sysa'}, {'authorId': '7450215', 'name': 'M. Anisovich'}, {'authorId': '5311692', 'name': 'V. Zhabinskii'}, {'authorId': '4642855', 'name': 'V. Khripach'}]",Steroids,d005ac91-7333-4597-b8b5-54b3f1181efc,2017,46,10,0,False,"[{'category': 'Biology', 'source': 's2-fos-model'}, {'category': 'Environmental Science', 'source': 's2-fos-model'}, {'category': 'Medicine', 'source': 's2-fos-model'}, {'category': 'Chemistry', 'source': 'external'}, {'category': 'Medicine', 'source': 'external'}]",['JournalArticle'],2017-01-31,"{'name': 'Steroids', 'pages': '11-15', 'volume': '117'}",27343978,,2469583005,,,,10.1016/j.steroids.2016.06.010
41574606,"{'ACL': None, 'DBLP': None, 'ArXiv': None, 'MAG': '2412743080', 'CorpusId': '41574606', 'PubMed': '6946620', 'DOI': None, 'PubMedCentral': None}",https://www.semanticscholar.org/paper/fc2e40e0d9fc05aa8057bc31a54ea8f649142b27,"[Electron-microscopic investigations on human dental pulp after vital amputation. III. Secondary mineralization in the dental pulp in case of chronic, uncomplicated pulpitis].","[{'authorId': '2071815218', 'name': 'R. Petkov'}, {'authorId': '13721997', 'name': 'I. Mostrova'}]",Stomatologiia. Stomatology,59d241e9-a82d-402f-a34c-91a5a6eabe33,1980,0,0,0,False,"[{'category': 'Medicine', 'source': 's2-fos-model'}, {'category': 'Medicine', 'source': 'external'}]",['JournalArticle'],,"{'name': 'Stomatologiia. Stomatology', 'pages': '\n          77-81\n        ', 'volume': '62 2'}",6946620,,2412743080,,,,
96848430,"{'ACL': None, 'DBLP': None, 'ArXiv': None, 'MAG': '2093839702', 'CorpusId': '96848430', 'PubMed': None, 'DOI': '10.1016/J.SEPPUR.2005.07.020', 'PubMedCentral': None}",https://www.semanticscholar.org/paper/46cc047ba1ce587d5d986367cef0f559a2ff7404,Effective treatment and recovery of laurionite-type lead from toxic industrial solid wastes,"[{'authorId': '92131706', 'name': 'T. Ioannidis'}, {'authorId': '92773113', 'name': 'A. Zouboulis'}, {'authorId': '102715143', 'name': 'K. A. Matis'}]",,,2006,36,12,0,False,"[{'category': 'Environmental Science', 'source': 's2-fos-model'}, {'category': 'Chemistry', 'source': 's2-fos-model'}, {'category': 'Materials Science', 'source': 's2-fos-model'}, {'category': 'Chemistry', 'source': 'external'}]",,2006-02-01,"{'name': 'Separation and Purification Technology', 'pages': '50-61', 'volume': '48'}",,,2093839702,,,,10.1016/J.SEPPUR.2005.07.020
152919101,"{'ACL': None, 'DBLP': None, 'ArXiv': None, 'MAG': '419928371', 'CorpusId': '152919101', 'PubMed': None, 'DOI': None, 'PubMedCentral': None}",https://www.semanticscholar.org/paper/134eacc330f4693c4682d2e4d63922169f12b1bd,The U.S. Government must stand up for human rights in Kenya,"[{'authorId': '104762039', 'name': 'A. Neir'}, {'authorId': '8210925', 'name': 'R. Omaar'}]",,,1990,0,0,0,False,"[{'category': 'Political Science', 'source': 's2-fos-model'}, {'category': 'Law', 'source': 's2-fos-model'}, {'category': 'Political Science', 'source': 'external'}]",,,,,,419928371,,,,
232002736,"{'ACL': None, 'DBLP': None, 'ArXiv': None, 'MAG': '3009865039', 'CorpusId': '232002736', 'PubMed': None, 'DOI': None, 'PubMedCentral': None}",https://www.semanticscholar.org/paper/816192f053e0039cb59ed1c35195e47cdcb49bf0,Seismic behavior and geodetic locking in areas of rough seafloor subduction,"[{'authorId': '5458189', 'name': 'S. Bilek'}, {'authorId': '153361270', 'name': 'K. Wang'}]",,,2012,0,0,0,False,"[{'category': 'Geology', 'source': 's2-fos-model'}, {'category': 'Geology', 'source': 'external'}]",,2012-12-01,"{'name': '', 'pages': None, 'volume': '2012'}",,,3009865039,,,,
27244264,"{'ACL': None, 'DBLP': None, 'ArXiv': None, 'MAG': '2161485924', 'CorpusId': '27244264', 'PubMed': '23948582', 'DOI': '10.1161/CIRCRESAHA.113.302024', 'PubMedCentral': None}",https://www.semanticscholar.org/paper/04dbd30cc130559efa69dbc40835d9517cc2322e,Is Tumor Necrosis Factor-&agr; Friend or Foe for Chronic Heart Failure?,"[{'authorId': '48646648', 'name': 'M. Hori'}, {'authorId': '49713300', 'name': 'O. Yamaguchi'}]",Circulation Research,439d70ad-d909-4791-bdc6-dc765447bd42,2013,18,21,0,True,"[{'category': 'Medicine', 'source': 's2-fos-model'}, {'category': 'Medicine', 'source': 'external'}]",['JournalArticle'],2013-08-16,"{'name': 'Circulation Research', 'pages': '492–494', 'volume': '113'}",23948582,,2161485924,,,,10.1161/CIRCRESAHA.113.302024
187295235,"{'ACL': None, 'DBLP': None, 'ArXiv': None, 'MAG': '19775582', 'CorpusId': '187295235', 'PubMed': None, 'DOI': None, 'PubMedCentral': None}",https://www.semanticscholar.org/paper/0d51fe35320039c782a547259f8a3fe39e460dbc,Pesca e navigazione in Sardegna nell'antichità,"[{'authorId': '98504389', 'name': 'A. Mastino'}]",,,2000,0,0,0,False,,,,"{'name': '', 'pages': None, 'volume': ''}",,,19775582,,,,
186977385,"{'ACL': None, 'DBLP': None, 'ArXiv': None, 'MAG': '2768554811', 'CorpusId': '186977385', 'PubMed': None, 'DOI': None, 'PubMedCentral': None}",https://www.semanticscholar.org/paper/5059a47a0a84d357d3badaa45008d1923302fdd3,Dispositif de blocage articule d'une tige,"[{'authorId': '47459556', 'name': 'Andreas Hentschel'}, {'authorId': '108128338', 'name': 'M. Hommel'}, {'authorId': '137710278', 'name': 'Hans-Theo Schaefer'}]",,,2008,0,0,0,False,,,2008-07-17,"{'name': '', 'pages': None, 'volume': ''}",,,2768554811,,,,
148662897,"{'ACL': None, 'DBLP': None, 'ArXiv': None, 'MAG': '2623921388', 'CorpusId': '148662897', 'PubMed': None, 'DOI': None, 'PubMedCentral': None}",https://www.semanticscholar.org/paper/a70aeb191ffb4d15ba9569e595a507505fe792b5,Pengembangan Buku Saku Sebagai Bahan Ajar Geografi Pada Materi Dinamika Hidrosfer Dan Dampaknya Bagi Kehidupan Di Kelas X IPA SMA Negeri 1 Gedangan,"[{'authorId': '117224909', 'name': 'Akhtinatun Mufidah'}]",,,2016,0,2,0,False,,,2016-01-20,"{'name': '', 'pages': None, 'volume': '1'}",,,2623921388,,,,
147951709,"{'ACL': None, 'DBLP': None, 'ArXiv': None, 'MAG': '2361070202', 'CorpusId': '147951709', 'PubMed': None, 'DOI': None, 'PubMedCentral': None}",https://www.semanticscholar.org/paper/791a5f2b2838683d0f8be23bd327aa65b9de4bb4,Exploration of Reading Teaching Strategies under the Senior English Curriculum Reforms,"[{'authorId': '1447282139', 'name': 'Liu Li-ping'}]",,,2010,0,0,0,False,"[{'category': 'Education', 'source': 's2-fos-model'}, {'category': 'Linguistics', 'source': 's2-fos-model'}, {'category': 'Psychology', 'source': 'external'}]",,,,,,2361070202,,,,
176561991,"{'ACL': None, 'DBLP': None, 'ArXiv': None, 'MAG': '639465556', 'CorpusId': '176561991', 'PubMed': None, 'DOI': None, 'PubMedCentral': None}",https://www.semanticscholar.org/paper/e1135ca3b61c188fe3b0969cd6bcf51a042d1346,216 炭酸固定醗酵に関する研究 : (第23報) スエヒロタケのL-リンゴ酸醗酵に及ぼす無機化合物の影響,"[{'authorId': '82755603', 'name': '立花 精'}, {'authorId': '66308223', 'name': '村上 俊男'}, {'authorId': '118194245', 'name': '沢田 繁樹'}]",,,1970,0,0,0,False,,,1970-11-19,"{'name': '', 'pages': '76', 'volume': '45'}",,,639465556,,,,
120690647,"{'ACL': None, 'DBLP': None, 'ArXiv': None, 'MAG': '2060379666', 'CorpusId': '120690647', 'PubMed': None, 'DOI': '10.1016/J.CMA.2003.09.032', 'PubMedCentral': None}",https://www.semanticscholar.org/paper/b4ec7b3cd0b6cf0308acfd0946f9cb0830976184,Void growth in finite deformation elasto-plasticity due to hydrostatic stress states,"[{'authorId': '49703028', 'name': 'R. Mahnken'}]",,,2005,24,17,0,False,"[{'category': 'Materials Science', 'source': 's2-fos-model'}, {'category': 'Engineering', 'source': 's2-fos-model'}, {'category': 'Physics', 'source': 's2-fos-model'}, {'category': 'Materials Science', 'source': 'external'}]",,2005-09-02,"{'name': 'Computer Methods in Applied Mechanics and Engineering', 'pages': '3689-3709', 'volume': '194'}",,,2060379666,,,,10.1016/J.CMA.2003.09.032
10463111,"{'ACL': None, 'DBLP': None, 'ArXiv': None, 'MAG': None, 'CorpusId': '10463111', 'PubMed': None, 'DOI': None, 'PubMedCentral': None}",https://www.semanticscholar.org/paper/da1fadfb7cad73b55af8b967d01666854876bad7,DISCRETE GAUGE THEORIES 1,"[{'authorId': '102366895', 'name': 'M. D. W. Propitius'}, {'authorId': '10247225', 'name': 'F. Bais'}]",,,1996,31,1,0,False,,['Review'],,,,,,,,,
58113075,"{'ACL': None, 'DBLP': None, 'ArXiv': None, 'MAG': '2739829442', 'CorpusId': '58113075', 'PubMed': None, 'DOI': None, 'PubMedCentral': None}",https://www.semanticscholar.org/paper/95094843170a2f70e3960f8affd9a3048a2f0bd4,Upper Belpharoplasty: Asia's Surgical Approach to Creating Double Eyelids,"[{'authorId': '49395822', 'name': 'K. Koo'}, {'authorId': '2052182132', 'name': 'B. Gu'}, {'authorId': '2134459955', 'name': 'Ti-Sheng Chang'}]",,,2008,17,0,0,False,"[{'category': 'Medicine', 'source': 's2-fos-model'}, {'category': 'Medicine', 'source': 'external'}]",['Review'],2008-05-01,"{'name': 'University of Toronto Medical Journal', 'pages': '167-170', 'volume': '85'}",,,2739829442,,,,
75908838,"{'ACL': None, 'DBLP': None, 'ArXiv': None, 'MAG': '2324813420', 'CorpusId': '75908838', 'PubMed': None, 'DOI': '10.1016/S1283-0887(05)74374-7', 'PubMedCentral': None}",https://www.semanticscholar.org/paper/e87cf98fd2da867a247b38e8971e8f6b3d5a3442,Déglutition. Évaluation. Rééducation,"[{'authorId': '52436515', 'name': 'D. Bleeckx'}]",,,2006,84,7,0,False,"[{'category': 'Education', 'source': 's2-fos-model'}, {'category': 'Medicine', 'source': 'external'}]",,,"{'name': '', 'pages': '1-10', 'volume': '1'}",,,2324813420,,,,10.1016/S1283-0887(05)74374-7
83938103,"{'ACL': None, 'DBLP': None, 'ArXiv': None, 'MAG': '1855642459', 'CorpusId': '83938103', 'PubMed': None, 'DOI': None, 'PubMedCentral': None}",https://www.semanticscholar.org/paper/dc484af79bb694e5522a423696bdf925800d7129,Bottom-up forcing of growth and condition changes in Northwest Atlantic capelin (Mallotus villosus) during the 1990s : evidence from feeding indices,"[{'authorId': '87779334', 'name': 'S. Obradovich'}]",,,2008,0,2,0,False,"[{'category': 'Environmental Science', 'source': 's2-fos-model'}, {'category': 'Biology', 'source': 's2-fos-model'}, {'category': 'Biology', 'source': 'external'}]",,,"{'name': '', 'pages': None, 'volume': ''}",,,1855642459,,,,
114821127,"{'ACL': None, 'DBLP': None, 'ArXiv': None, 'MAG': '2393412632', 'CorpusId': '114821127', 'PubMed': None, 'DOI': None, 'PubMedCentral': None}",https://www.semanticscholar.org/paper/2c3c6f47be74ab522aaec0949e65ff675d28bfdb,Discharge Area Segmenting of Power Equipment in UV Image Based on Level Set Technology,"[{'authorId': '2075585600', 'name': 'Yang Xiao-lin'}]",,,2008,0,0,0,False,"[{'category': 'Engineering', 'source': 's2-fos-model'}, {'category': 'Computer Science', 'source': 's2-fos-model'}, {'category': 'Computer Science', 'source': 'external'}]",,,"{'name': '', 'pages': None, 'volume': ''}",,,2393412632,,,,
166949395,"{'ACL': None, 'DBLP': None, 'ArXiv': None, 'MAG': '797787184', 'CorpusId': '166949395', 'PubMed': None, 'DOI': None, 'PubMedCentral': None}",https://www.semanticscholar.org/paper/75cfd41d7296a30ec4a936d096d2df8e48cafd69,Efekty uczestnictwa inwestorów zagranicznych w polskiej rzeczywistości gospodarczej przełomu wieków,"[{'authorId': '95765719', 'name': 'Arkadiusz Wierzbic'}]",,,2001,0,0,0,False,,,,"{'name': '', 'pages': '289-294', 'volume': ''}",,,797787184,,,,
202473233,"{'ACL': None, 'DBLP': None, 'ArXiv': None, 'MAG': '2968668454', 'CorpusId': '202473233', 'PubMed': None, 'DOI': '10.5430/WJE.V9N4P73', 'PubMedCentral': None}",https://www.semanticscholar.org/paper/1aa45d20d8b02d650dc2e18e2c00f711aabd64b9,Social Studies Course from the Perspective of Parents -The Istanbul-Sultanbeyli Case,"[{'authorId': '2077345570', 'name': 'K. Baş'}, {'authorId': '2064571404', 'name': 'Esen Durmuş'}]",World Journal of Education,578a3b53-974a-4530-b585-632cb222433b,2019,29,0,0,True,,,2019-08-15,"{'name': 'World Journal of Education', 'pages': None, 'volume': None}",,,2968668454,,,,10.5430/WJE.V9N4P73
199123959,"{'ACL': None, 'DBLP': None, 'ArXiv': None, 'MAG': '2958619655', 'CorpusId': '199123959', 'PubMed': None, 'DOI': None, 'PubMedCentral': None}",https://www.semanticscholar.org/paper/f1544de1f6ef780c327e864763d7a2719205a26c,Estudos de processos físico-químicos com radiotraçadores em sedimentos costeiros para fins de biorremediação,"[{'authorId': '2073613625', 'name': 'Melissa Nogueira Sondermann'}]",,,2016,0,0,0,False,,,2016-04-20,"{'name': '', 'pages': None, 'volume': ''}",,,2958619655,,,,
127200544,"{'ACL': None, 'DBLP': None, 'ArXiv': None, 'MAG': '386565837', 'CorpusId': '127200544', 'PubMed': None, 'DOI': None, 'PubMedCentral': None}",https://www.semanticscholar.org/paper/411b2a5f0b33c01fdfa968ba8d28f80a3b2a90cd,Obligatorisk redovisning av sjukfrånvaro : Hur förbereder sig privata företag inför lagen? - Kan lagen vara en början till att bättre synliggöra personalekonomi?,"[{'authorId': '102821305', 'name': 'Erik Lindahl'}]",,,2003,0,0,0,False,,,,,,,386565837,,,,
133790351,"{'ACL': None, 'DBLP': None, 'ArXiv': None, 'MAG': '2772957085', 'CorpusId': '133790351', 'PubMed': None, 'DOI': None, 'PubMedCentral': None}",https://www.semanticscholar.org/paper/df283e2cb751f6f3170fd87e465d6f27a6c77d63,"Effects of some mulch materials on Chinese cabbage growing in different seasons, 5; dry matter production and nutrient absorption","[{'authorId': '2107507051', 'name': 'J. Yoon'}, {'authorId': '2152847999', 'name': 'S. S. Lee'}, {'authorId': '153222236', 'name': 'D. Oh'}, {'authorId': '2157932427', 'name': 'Y. S. Chang'}, {'authorId': '35262876', 'name': 'S. J. Lee'}]",,,1987,0,0,0,False,"[{'category': 'Agricultural and Food Sciences', 'source': 's2-fos-model'}, {'category': 'Environmental Science', 'source': 'external'}]",,,"{'name': '', 'pages': None, 'volume': ''}",,,2772957085,,,,
137761863,"{'ACL': None, 'DBLP': None, 'ArXiv': None, 'MAG': '2374893785', 'CorpusId': '137761863', 'PubMed': None, 'DOI': None, 'PubMedCentral': None}",https://www.semanticscholar.org/paper/b1e19b0fb83f801f8262d3c08360ac03bcd2fe7e,Influence of Current Limiting Resistance on the Magnetic Induction Effect of FeSiB Amorphous Ribbons,"[{'authorId': '71704635', 'name': 'Luo Xinglong'}]",,,2009,0,0,0,False,"[{'category': 'Materials Science', 'source': 's2-fos-model'}, {'category': 'Physics', 'source': 's2-fos-model'}, {'category': 'Materials Science', 'source': 'external'}]",,,,,,2374893785,,,,
235484356,"{'ACL': None, 'DBLP': None, 'ArXiv': None, 'MAG': None, 'CorpusId': '235484356', 'PubMed': None, 'DOI': None, 'PubMedCentral': None}",https://www.semanticscholar.org/paper/c8e78ffc9cadef1bfc83edf87d59008cb4d03939,Chapter 12: General discussion and future perspectives,[],,,2009,84,0,0,False,,,,,,,,,,,
28630532,"{'ACL': None, 'DBLP': None, 'ArXiv': None, 'MAG': '2108407300', 'CorpusId': '28630532', 'PubMed': '23398614', 'DOI': '10.1037/a0031534', 'PubMedCentral': None}",https://www.semanticscholar.org/paper/ac4fd02040de422be36bafcaa7e9a710fda73f6b,Discussion topic and observed behavior in couples' problem-solving conversations: do problem severity and topic choice matter?,"[{'authorId': '4691174', 'name': 'Hannah C. Williamson'}, {'authorId': '83384364', 'name': 'M. Hanna'}, {'authorId': '6180795', 'name': 'Justin A. Lavner'}, {'authorId': '2669796', 'name': 'T. Bradbury'}, {'authorId': '6050336', 'name': 'B. Karney'}]",Journal of family psychology,57a38d06-dcbf-46d0-91b1-18b73c3f5eac,2013,14,28,0,True,"[{'category': 'Psychology', 'source': 's2-fos-model'}, {'category': 'Psychology', 'source': 'external'}, {'category': 'Medicine', 'source': 'external'}]",['JournalArticle'],2013-02-11,"{'name': 'Journal of family psychology : JFP : journal of the Division of Family Psychology of the American Psychological Association', 'pages': '\n          330-5\n        ', 'volume': '27 2'}",23398614,,2108407300,,,,10.1037/a0031534
25655394,"{'ACL': None, 'DBLP': None, 'ArXiv': None, 'MAG': '2038421026', 'CorpusId': '25655394', 'PubMed': '9263560', 'DOI': '10.1055/s-2007-994169', 'PubMedCentral': None}",https://www.semanticscholar.org/paper/3a02ab3b541e465e1ec69ccf269851ec99d1dcd2,Tocolytic Treatment for Preterm Contractions with and Without Cervical Changes,"[{'authorId': '2105643597', 'name': 'Haywood L. Brown'}, {'authorId': '145346093', 'name': 'A. Hiett'}, {'authorId': '40263152', 'name': 'K. Britton'}, {'authorId': '13102405', 'name': 'M. Turnquest'}, {'authorId': '3065196', 'name': 'A. Golichowski'}]",American Journal of Perinatology,5e64db58-a24f-470c-b866-8e18e0cd1a4d,1997,18,12,0,False,"[{'category': 'Medicine', 'source': 's2-fos-model'}, {'category': 'Medicine', 'source': 'external'}]","['JournalArticle', 'Study', 'ClinicalTrial', 'CaseReport']",1997-08-01,"{'name': 'American Journal of Perinatology', 'pages': '405 - 409', 'volume': '14'}",9263560,,2038421026,,,,10.1055/s-2007-994169
110298854,"{'ACL': None, 'DBLP': None, 'ArXiv': None, 'MAG': '2078091577', 'CorpusId': '110298854', 'PubMed': None, 'DOI': '10.1016/0924-4247(93)80138-7', 'PubMedCentral': None}",https://www.semanticscholar.org/paper/9a88045bb2959c9fdb1a28a68f98c51044aa5ccb,Using capacitive sensors for in situ calibration of displacements in a piezo-driven translation stage of an STM,"[{'authorId': '97764135', 'name': 'A. E. Holman'}, {'authorId': '96737282', 'name': 'W. Heerens'}, {'authorId': '144907385', 'name': 'F. Tuinstra'}]",,,1993,5,17,1,False,"[{'category': 'Physics', 'source': 's2-fos-model'}, {'category': 'Engineering', 'source': 's2-fos-model'}, {'category': 'Chemistry', 'source': 'external'}]",,1993-03-01,"{'name': 'Sensors and Actuators A-physical', 'pages': '37-42', 'volume': '36'}",,,2078091577,,,,10.1016/0924-4247(93)80138-7
186868338,"{'ACL': None, 'DBLP': None, 'ArXiv': None, 'MAG': '2886186397', 'CorpusId': '186868338', 'PubMed': None, 'DOI': None, 'PubMedCentral': None}",https://www.semanticscholar.org/paper/c7c98b39f5cad2faf499d3311984c8873d0c7d26,"« Wolfgang Tillmans : 2017 ». Londres, Tate Modern – 14 février – 11 juin 2017","[{'authorId': '2071503789', 'name': 'L. Froger'}]",,,2018,0,0,0,False,,,2018-04-19,"{'name': '', 'pages': '148-149', 'volume': ''}",,,2886186397,,,,
147458872,"{'ACL': None, 'DBLP': None, 'ArXiv': None, 'MAG': '2283662592', 'CorpusId': '147458872', 'PubMed': None, 'DOI': None, 'PubMedCentral': None}",https://www.semanticscholar.org/paper/a9fe2fadc2bdb3959b4b1976db129ee884e03fec,한국 상담자의 상담윤리에 대한 기초 연구,"[{'authorId': '81074067', 'name': '최해림'}]",,,2002,0,0,0,False,"[{'category': 'Linguistics', 'source': 's2-fos-model'}, {'category': 'Psychology', 'source': 'external'}]",,2002-11-01,,,,2283662592,,,,
131065985,"{'ACL': None, 'DBLP': None, 'ArXiv': None, 'MAG': '2287694510', 'CorpusId': '131065985', 'PubMed': None, 'DOI': None, 'PubMedCentral': None}",https://www.semanticscholar.org/paper/d04cd0e63a5ea9e006e164d46ce81b48f7805941,"A review on the research and fisheries of Barramundi, reef fish, dugongs, turtles and spanish mackerel in the Papua New Guinea side of the Torres Strait","[{'authorId': '87654762', 'name': 'B. D. Kare'}]",,,1995,0,4,1,False,"[{'category': 'Environmental Science', 'source': 's2-fos-model'}, {'category': 'Biology', 'source': 's2-fos-model'}, {'category': 'Geography', 'source': 'external'}]",['Review'],,"{'name': '', 'pages': None, 'volume': ''}",,,2287694510,,,,
245701070,"{'ACL': None, 'DBLP': None, 'ArXiv': None, 'MAG': None, 'CorpusId': '245701070', 'PubMed': None, 'DOI': '10.1007/978-3-030-88213-6_12', 'PubMedCentral': None}",https://www.semanticscholar.org/paper/489fd8332f44736e8ce4c255cbb6cb8131274bcb,Filters and Resonators,"[{'authorId': '9504471', 'name': 'Hejie Lin'}, {'authorId': '70001996', 'name': 'Turgay Bengisu'}, {'authorId': '46760305', 'name': 'Z. Mourelatos'}]",Lecture Notes on Acoustics and Noise Control,,2021,0,0,0,False,,,,"{'name': 'Lecture Notes on Acoustics and Noise Control', 'pages': None, 'volume': None}",,,,,,,10.1007/978-3-030-88213-6_12
226510755,"{'ACL': None, 'DBLP': None, 'ArXiv': None, 'MAG': '3081224430', 'CorpusId': '226510755', 'PubMed': None, 'DOI': '10.52639/jeah.2020.03.50.173', 'PubMedCentral': None}",https://www.semanticscholar.org/paper/76996a61430c0d9395fe98b06e61e70fd7760117,"A Study on the Shang Dynasty’s Educational Culture, based on Oracle Bone Scripts","[{'authorId': '52295643', 'name': 'Kim Young Hyun'}]",,,2020,0,0,0,False,"[{'category': 'History', 'source': 's2-fos-model'}, {'category': 'Education', 'source': 's2-fos-model'}, {'category': 'History', 'source': 'external'}]",,,"{'name': '', 'pages': '173-197', 'volume': ''}",,,3081224430,,,,10.52639/jeah.2020.03.50.173
35910203,"{'ACL': None, 'DBLP': None, 'ArXiv': None, 'MAG': '2132392292', 'CorpusId': '35910203', 'PubMed': '12948950', 'DOI': '10.2105/AJPH.93.9.1395', 'PubMedCentral': None}",https://www.semanticscholar.org/paper/73f54c13643a81a4c6fd146f0dfb3fbfca2bc680,"Urban form, health, and the law's limits.","[{'authorId': '14548307', 'name': 'William W. Buzbee'}]",American Journal of Public Health,38811617-b7f0-4fcb-b373-4c6de733f4f2,2003,13,18,0,False,"[{'category': 'Law', 'source': 's2-fos-model'}, {'category': 'Political Science', 'source': 's2-fos-model'}, {'category': 'Business', 'source': 'external'}, {'category': 'Medicine', 'source': 'external'}]",['JournalArticle'],2003-09-01,"{'name': 'American journal of public health', 'pages': '\n          1395-9\n        ', 'volume': '93 9'}",12948950,,2132392292,,,,10.2105/AJPH.93.9.1395
247019183,"{'ACL': None, 'DBLP': None, 'ArXiv': None, 'MAG': None, 'CorpusId': '247019183', 'PubMed': '35196632', 'DOI': '10.1016/j.jenvman.2022.114747', 'PubMedCentral': None}",https://www.semanticscholar.org/paper/75ac7c80109df18b54eb24fc1c285c6d8086985f,Quantitative structure-activity relationship for the oxidation of organic contaminants by peracetic acid using GA-MLR method.,"[{'authorId': '2060417692', 'name': 'Ali Shahi'}, {'authorId': '47465016', 'name': 'Hamed Vafaei Molamahmood'}, {'authorId': '90617368', 'name': 'Naser Faraji'}, {'authorId': '38742706', 'name': 'Mingce Long'}]",Journal of Environmental Management,ed779cb8-b256-4933-85c7-2ca9868bb58b,2022,60,8,1,False,"[{'category': 'Environmental Science', 'source': 's2-fos-model'}, {'category': 'Chemistry', 'source': 's2-fos-model'}, {'category': 'Medicine', 'source': 'external'}]",['JournalArticle'],2022-02-20,"{'name': 'Journal of environmental management', 'pages': '\n          114747\n        ', 'volume': '310'}",35196632,,,,,,10.1016/j.jenvman.2022.114747
84365726,"{'ACL': None, 'DBLP': None, 'ArXiv': None, 'MAG': '2035122092', 'CorpusId': '84365726', 'PubMed': None, 'DOI': '10.1111/J.1439-0523.1998.TB01935.X', 'PubMedCentral': None}",https://www.semanticscholar.org/paper/bd4ed9373dbcf2418c981d1b527c79fc3a96dbf8,Influence of pollination modes on yield components in strawberry (Fragaria x ananassa Duch.),"[{'authorId': '32295476', 'name': 'J. Żebrowska'}]",,,1998,5,39,2,False,"[{'category': 'Agricultural and Food Sciences', 'source': 's2-fos-model'}, {'category': 'Biology', 'source': 'external'}]",,1998-07-01,"{'name': 'Plant Breeding', 'pages': '255-260', 'volume': '117'}",,,2035122092,,,,10.1111/J.1439-0523.1998.TB01935.X
34333286,"{'ACL': None, 'DBLP': None, 'ArXiv': None, 'MAG': '2066866051', 'CorpusId': '34333286', 'PubMed': '8555153', 'DOI': '10.1016/0266-4356(95)90048-9', 'PubMedCentral': None}",https://www.semanticscholar.org/paper/18f49200542e6ce795eb3341a9b1a32cea0401c3,An alternative method of intraoperative skin retraction: the Walton fish hook.,"[{'authorId': '34608447', 'name': 'S. Rogers'}, {'authorId': '25712328', 'name': 'E. Davies'}]",British Journal of Oral and Maxillofacial Surgery,e0769dae-0f34-474b-b677-e2e35da444ed,1995,0,8,0,False,"[{'category': 'Medicine', 'source': 's2-fos-model'}, {'category': 'Medicine', 'source': 'external'}]",['JournalArticle'],1995-10-01,"{'name': 'The British journal of oral & maxillofacial surgery', 'pages': '\n          323\n        ', 'volume': '33 5'}",8555153,,2066866051,,,,10.1016/0266-4356(95)90048-9
128938719,"{'ACL': None, 'DBLP': None, 'ArXiv': None, 'MAG': '1789266415', 'CorpusId': '128938719', 'PubMed': None, 'DOI': '10.1017/CBO9780511778551.009', 'PubMedCentral': None}",https://www.semanticscholar.org/paper/b2b35780919d1f50c44744d95782690e33b232a7,"History and Neorealism: Domestic politics, interservice impasse, and Japan's decisions for war","[{'authorId': '66339262', 'name': 'Michael A. Barnhart'}]",,,2010,0,0,0,False,"[{'category': 'History', 'source': 's2-fos-model'}, {'category': 'Political Science', 'source': 's2-fos-model'}, {'category': 'Geography', 'source': 'external'}]",,,,,,1789266415,,,,10.1017/CBO9780511778551.009
165070335,"{'ACL': None, 'DBLP': None, 'ArXiv': None, 'MAG': '2603579240', 'CorpusId': '165070335', 'PubMed': None, 'DOI': None, 'PubMedCentral': None}",https://www.semanticscholar.org/paper/a4558067b0ffcc9465046f121ea6f76e3f4d9b93,Glück im Pragmatismus,"[{'authorId': '71202030', 'name': 'C. Henning'}]",,,2011,0,0,0,False,,,,,,,2603579240,,,,
114391730,"{'ACL': None, 'DBLP': None, 'ArXiv': None, 'MAG': '2473213761', 'CorpusId': '114391730', 'PubMed': None, 'DOI': '10.17211/tcd.89163', 'PubMedCentral': None}",https://www.semanticscholar.org/paper/7353bd2c6930e774fc53b9f0b436861271d52432,Kahramanmaraş Organize Sanayi Bölgesi’nin çevresindeki yerleşmelere olan etkileri,"[{'authorId': '2064055744', 'name': 'Aytaç Şahin'}, {'authorId': '122640813', 'name': 'M. Şahin'}, {'authorId': '94209459', 'name': 'M. Gürbüz'}]",,,2016,0,2,0,True,"[{'category': 'Economics', 'source': 's2-fos-model'}, {'category': 'Engineering', 'source': 'external'}]",['Review'],2016-04-19,"{'name': '', 'pages': '71-81', 'volume': ''}",,,2473213761,,,,10.17211/tcd.89163
133758434,"{'ACL': None, 'DBLP': None, 'ArXiv': None, 'MAG': '89109110', 'CorpusId': '133758434', 'PubMed': None, 'DOI': '10.1016/B978-0-444-89959-0.50064-5', 'PubMedCentral': None}",https://www.semanticscholar.org/paper/64d08f11fbaebc15201f5192991c7d73b5a0e3cc,Self-contracting HIP chamber unit for diamond synthesis,"[{'authorId': '98059625', 'name': 'A. Szymański'}]",,,1994,3,0,0,False,"[{'category': 'Materials Science', 'source': 's2-fos-model'}, {'category': 'Engineering', 'source': 's2-fos-model'}, {'category': 'Chemistry', 'source': 's2-fos-model'}, {'category': 'Materials Science', 'source': 'external'}]",,,"{'name': '', 'pages': '537-544', 'volume': ''}",,,89109110,,,,10.1016/B978-0-444-89959-0.50064-5
191662050,"{'ACL': None, 'DBLP': None, 'ArXiv': None, 'MAG': '2546857347', 'CorpusId': '191662050', 'PubMed': None, 'DOI': None, 'PubMedCentral': None}",https://www.semanticscholar.org/paper/9bf4b60d035a44dc68aa7ae03855c1a1e0fed6d1,Marketing e identidade corporativa: análise das estratégias da Apple,"[{'authorId': '138715202', 'name': 'Rafael Gomes Matos'}]",,,2016,0,0,0,False,,,2016-02-24,"{'name': '', 'pages': None, 'volume': ''}",,,2546857347,,,,
249370499,"{'ACL': None, 'DBLP': None, 'ArXiv': None, 'MAG': None, 'CorpusId': '249370499', 'PubMed': None, 'DOI': None, 'PubMedCentral': None}",https://www.semanticscholar.org/paper/03a660947daf3f17299713195a11d57a099804f4,Przegląd metod obliczania parametrów fal podmuchowych,"[{'authorId': '2097197230', 'name': 'S. Kaliskiego'}]",,,2016,14,0,0,False,,,,,,,,,,,
15395218,"{'ACL': None, 'DBLP': 'conf/mipro/KoneckiIK16', 'ArXiv': None, 'MAG': '2483479435', 'CorpusId': '15395218', 'PubMed': None, 'DOI': '10.1109/MIPRO.2016.7522265', 'PubMedCentral': None}",https://www.semanticscholar.org/paper/4e1af03d4b00fc5ffcc6d5b6764e7d9db247c847,Making programming education more accessible for visually impaired,"[{'authorId': '2260089310', 'name': 'Mario Konecki'}, {'authorId': '17742052', 'name': 'Nikola Ivković'}, {'authorId': '3446151', 'name': 'Matija Kaniski'}]","International Convention on Information and Communication Technology, Electronics and Microelectronics",25710d4b-a2d9-4b6c-9f28-154866d9fbbe,2016,27,6,0,False,"[{'category': 'Computer Science', 'source': 's2-fos-model'}, {'category': 'Education', 'source': 's2-fos-model'}, {'category': 'Computer Science', 'source': 'external'}]",['JournalArticle'],2016-05-01,"{'name': '2016 39th International Convention on Information and Communication Technology, Electronics and Microelectronics (MIPRO)', 'pages': '887-890', 'volume': None}",,,2483479435,,,conf/mipro/KoneckiIK16,10.1109/MIPRO.2016.7522265
258205738,"{'ACL': None, 'DBLP': None, 'ArXiv': None, 'MAG': None, 'CorpusId': '258205738', 'PubMed': None, 'DOI': '10.1109/REEPE57272.2023.10086707', 'PubMedCentral': None}",https://www.semanticscholar.org/paper/965ebc8fe8924872708fe9724f025b918d3c9076,The Robot-Guide for Indoor Navigation,"[{'authorId': '2214700575', 'name': 'Volgina A. D.'}, {'authorId': '2214681444', 'name': 'Kirillov D. S.'}, {'authorId': '2214688792', 'name': 'Kravtsov A. N.'}, {'authorId': '2214692911', 'name': 'Dyakonova S. S.'}, {'authorId': '2214689929', 'name': 'Kanev A. I.'}]","2023 5th International Youth Conference on Radio Electronics, Electrical and Power Engineering (REEPE)",,2023,12,7,0,False,,['Conference'],2023-03-16,"{'name': '2023 5th International Youth Conference on Radio Electronics, Electrical and Power Engineering (REEPE)', 'pages': '1-6', 'volume': '5'}",,,,,,,10.1109/REEPE57272.2023.10086707
257891264,"{'ACL': None, 'DBLP': 'journals/displays/LinZLL23', 'ArXiv': None, 'MAG': None, 'CorpusId': '257891264', 'PubMed': None, 'DOI': '10.1016/j.displa.2023.102435', 'PubMedCentral': None}",https://www.semanticscholar.org/paper/b5e8947a8bdb1ddfadb1cc4a81a68f5fb1911493,Evaluating the impact of the center control touch screen of new energy vehicles on user visual imagery and preferences,"[{'authorId': '2587962', 'name': 'Zhongzheng Lin'}, {'authorId': '2168167777', 'name': 'Weimin Zhai'}, {'authorId': '2109025286', 'name': 'Shasha Li'}, {'authorId': '2213698666', 'name': 'Xiao Li'}]",Displays (Guildford),09439d99-578a-4161-86ee-e22a190b0d4d,2023,32,6,0,False,"[{'category': 'Engineering', 'source': 's2-fos-model'}, {'category': 'Environmental Science', 'source': 's2-fos-model'}, {'category': 'Computer Science', 'source': 's2-fos-model'}, {'category': 'Computer Science', 'source': 'external'}]",['JournalArticle'],2023-03-01,"{'name': 'Displays', 'pages': '102435', 'volume': '78'}",,,,,,journals/displays/LinZLL23,10.1016/j.displa.2023.102435
224986272,"{'ACL': None, 'DBLP': None, 'ArXiv': None, 'MAG': '3088971689', 'CorpusId': '224986272', 'PubMed': None, 'DOI': '10.1021/ACS.CGD.0C00623', 'PubMedCentral': None}",https://www.semanticscholar.org/paper/09f7ecabc7b06199fa39f0a2968c1861ae8a4f74,Trace Quantity Detection of H2PO4– by Fluorescent Metal–Organic Framework (F-MOF) and Bioimaging Study,"[{'authorId': '40477172', 'name': 'Kaushik Naskar'}, {'authorId': '5534144', 'name': 'Anup Kumar Bhanja'}, {'authorId': '120496309', 'name': 'Sukanya Paul'}, {'authorId': '47473161', 'name': 'K. Pal'}, {'authorId': '34686197', 'name': 'C. Sinha'}]",,,2020,34,34,0,False,"[{'category': 'Environmental Science', 'source': 's2-fos-model'}, {'category': 'Chemistry', 'source': 's2-fos-model'}, {'category': 'Chemistry', 'source': 'external'}]",,2020-09-17,"{'name': 'Crystal Growth & Design', 'pages': '6453-6460', 'volume': '20'}",,,3088971689,,,,10.1021/ACS.CGD.0C00623
46830937,"{'ACL': None, 'DBLP': None, 'ArXiv': None, 'MAG': '2634191104', 'CorpusId': '46830937', 'PubMed': '28641916', 'DOI': '10.1016/j.burns.2016.08.033', 'PubMedCentral': None}",https://www.semanticscholar.org/paper/8c8b92da2c59b986e8e59a074ff95e70d957e3b0,Methylated spirit burns following traditional hair dressing practice.,"[{'authorId': '31634721', 'name': 'A. Michael'}, {'authorId': '5595289', 'name': 'A. Iyun'}]",Burns,cb3ce567-4f5f-4e15-9a93-425274beafd8,2017,4,1,0,False,"[{'category': 'Medicine', 'source': 's2-fos-model'}, {'category': 'Medicine', 'source': 'external'}]","['JournalArticle', 'CaseReport']",2017-06-19,"{'name': 'Burns : journal of the International Society for Burn Injuries', 'pages': '\n          e17-e18\n        ', 'volume': '44 1'}",28641916,,2634191104,,,,10.1016/j.burns.2016.08.033
193494242,"{'ACL': None, 'DBLP': None, 'ArXiv': None, 'MAG': '2515952474', 'CorpusId': '193494242', 'PubMed': None, 'DOI': '10.1057/978-1-137-60364-7_11', 'PubMedCentral': None}",https://www.semanticscholar.org/paper/6ad72408db23dc81871a27498dcd4d871f8e8a70,"The Art of Walking and the Mindscapes of Trauma in Thomas De Quincey’s Autobiographical Works: The Pains of Wandering, the Pains of Remembering","[{'authorId': '2074512583', 'name': 'Françoise Dupeyron-Lafay'}]",,,2016,0,0,0,False,"[{'category': 'Art', 'source': 's2-fos-model'}, {'category': 'Psychology', 'source': 's2-fos-model'}, {'category': 'Art', 'source': 'external'}]",,,"{'name': '', 'pages': '157-171', 'volume': ''}",,,2515952474,,,,10.1057/978-1-137-60364-7_11
83037164,"{'ACL': None, 'DBLP': None, 'ArXiv': None, 'MAG': '931679186', 'CorpusId': '83037164', 'PubMed': None, 'DOI': None, 'PubMedCentral': None}",https://www.semanticscholar.org/paper/58658c6bf8c89492d6dafbb2357d00f73d0af08e,Achievements and prospects in the control of helminthiases in Bulgaria.,"[{'authorId': '47347968', 'name': 'G. Genov'}, {'authorId': '144773672', 'name': 'V. Boeva'}]",,,1990,0,0,0,False,"[{'category': 'Medicine', 'source': 's2-fos-model'}, {'category': 'Environmental Science', 'source': 's2-fos-model'}, {'category': 'Biology', 'source': 'external'}]",,,"{'name': '', 'pages': '23-26', 'volume': ''}",,,931679186,,,,
100436279,"{'ACL': None, 'DBLP': None, 'ArXiv': None, 'MAG': '2462841766', 'CorpusId': '100436279', 'PubMed': None, 'DOI': None, 'PubMedCentral': None}",https://www.semanticscholar.org/paper/e3e0fe5f8963140c858a5b76325ea32c69d06ad1,Decontamination procedure for graphite furnace and AS-40 autosampler after use of nickel nitrate matrix modifier,"[{'authorId': '2068888905', 'name': 'B. Manning'}]",,,1983,0,2,0,False,"[{'category': 'Chemistry', 'source': 's2-fos-model'}, {'category': 'Engineering', 'source': 's2-fos-model'}, {'category': 'Materials Science', 'source': 's2-fos-model'}, {'category': 'Chemistry', 'source': 'external'}]",,,"{'name': 'Atomic Spectroscopy', 'pages': '159-160', 'volume': '4'}",,,2462841766,,,,
87417287,"{'ACL': None, 'DBLP': None, 'ArXiv': None, 'MAG': '2332538919', 'CorpusId': '87417287', 'PubMed': None, 'DOI': '10.1590/1981-81222015000300007', 'PubMedCentral': None}",https://www.semanticscholar.org/paper/08f3e4eab768d99a608d24d23d2af241fd4410ee,Arte rupestre na província de Misiones/Argentina: o sítio Campo Yabebirí,"[{'authorId': '2082008761', 'name': 'Daniel Loponte'}, {'authorId': '71792906', 'name': 'Mirian Carbonera'}]",,,2015,8,2,0,True,,,2015-12-01,"{'name': 'Boletim do Museu Paraense Emílio Goeldi. Ciências Humanas', 'pages': '629-639', 'volume': '10'}",,,2332538919,,,,10.1590/1981-81222015000300007
268173266,"{'ACL': None, 'DBLP': None, 'ArXiv': None, 'MAG': None, 'CorpusId': '268173266', 'PubMed': '38473382', 'DOI': '10.3390/cancers16051024', 'PubMedCentral': '10930875'}",https://www.semanticscholar.org/paper/23697ddc9eed80879ec1b3dc1d7ac490a6984304,"Ixazomib, Lenalidomide, and Dexamethasone (IRD) Treatment with Cytogenetic Risk-Based Maintenance in Transplant-Eligible Myeloma: A Phase 2 Multicenter Study by the Nordic Myeloma Study Group","[{'authorId': '46747274', 'name': 'A. Partanen'}, {'authorId': '2242945888', 'name': 'Anders Waage'}, {'authorId': '9859927', 'name': 'V. Pečeliūnas'}, {'authorId': '2142608054', 'name': 'Fredrik H Schjesvold'}, {'authorId': '81695452', 'name': 'P. Anttila'}, {'authorId': '3097493', 'name': 'Marjaana Säily'}, {'authorId': '7185397', 'name': 'Katarina Uttervall'}, {'authorId': '38446132', 'name': 'M. Putkonen'}, {'authorId': '2243724488', 'name': 'K. Carlson'}, {'authorId': '10073065', 'name': 'E. Haukås'}, {'authorId': '6713769', 'name': 'M. Sankelo'}, {'authorId': '14993681', 'name': 'D. Szatkowski'}, {'authorId': '2243278617', 'name': 'Markus Hansson'}, {'authorId': '1435851920', 'name': 'Anu Marttila'}, {'authorId': '30214384', 'name': 'Ronald Svensson'}, {'authorId': '1492100798', 'name': 'P. Axelsson'}, {'authorId': '3659363', 'name': 'B. Lauri'}, {'authorId': '2765771', 'name': 'M. Mikkola'}, {'authorId': '2070511988', 'name': 'Conny Karlsson'}, {'authorId': '14334756', 'name': 'Johanna Abelsson'}, {'authorId': '4014512', 'name': 'Erik Ahlstrand'}, {'authorId': '5584474', 'name': 'Anu Sikiö'}, {'authorId': '6763519', 'name': 'Monika Klimkowska'}, {'authorId': '9846467', 'name': 'R. Matuzevičienė'}, {'authorId': '6109681', 'name': 'M. Fenstad'}, {'authorId': '7308748', 'name': 'S. Ilveskero'}, {'authorId': '144347229', 'name': 'T. Pelliniemi'}, {'authorId': '5274439', 'name': 'H. Nahi'}, {'authorId': '3685521', 'name': 'R. Silvennoinen'}]",Cancers,d30776c0-e524-4f14-a524-871d0586862c,2024,47,0,0,False,"[{'category': 'Medicine', 'source': 's2-fos-model'}, {'category': 'Medicine', 'source': 'external'}]",['JournalArticle'],2024-02-29,"{'name': 'Cancers', 'pages': None, 'volume': '16'}",38473382,10930875,,,,,10.3390/cancers16051024
19773478,"{'ACL': None, 'DBLP': None, 'ArXiv': None, 'MAG': '2044136163', 'CorpusId': '19773478', 'PubMed': '15031298', 'DOI': '10.1074/jbc.M312267200', 'PubMedCentral': None}",https://www.semanticscholar.org/paper/635fbfce6b67c7cf011441f7092bffb6d2657883,Protein Disulfide Bond Formation in the Cytoplasm during Oxidative Stress*,"[{'authorId': '145229762', 'name': 'R. Cumming'}, {'authorId': '9926893', 'name': 'N. Andon'}, {'authorId': '2357730', 'name': 'P. Haynes'}, {'authorId': '46338314', 'name': 'Minkyu Park'}, {'authorId': '46470929', 'name': 'W. Fischer'}, {'authorId': '145636530', 'name': 'D. Schubert'}]",Journal of Biological Chemistry,099a2ecc-54f9-42d3-9ea0-0189027aa04f,2004,58,462,27,True,"[{'category': 'Biology', 'source': 's2-fos-model'}, {'category': 'Chemistry', 'source': 's2-fos-model'}, {'category': 'Medicine', 'source': 's2-fos-model'}, {'category': 'Chemistry', 'source': 'external'}, {'category': 'Medicine', 'source': 'external'}]",['JournalArticle'],2004-05-21,"{'name': 'Journal of Biological Chemistry', 'pages': '21749 - 21758', 'volume': '279'}",15031298,,2044136163,,,,10.1074/jbc.M312267200
9169568,"{'ACL': None, 'DBLP': None, 'ArXiv': None, 'MAG': None, 'CorpusId': '9169568', 'PubMed': '6335012', 'DOI': '10.1016/s0769-2625(84)80092-6', 'PubMedCentral': None}",https://www.semanticscholar.org/paper/6b84b3ad6785744e5b0a34803a33dbba91acb95b,The two waves of B-lymphocyte differentiation.,"[{'authorId': '4973245', 'name': 'G. Nossal'}]",Annales d'immunologie,4e2ab288-dc66-4a08-a429-647465a87083,1984,0,1,0,False,"[{'category': 'Biology', 'source': 's2-fos-model'}, {'category': 'Biology', 'source': 'external'}, {'category': 'Medicine', 'source': 'external'}]",['JournalArticle'],,"{'name': ""Annales d'immunologie"", 'pages': '\n          195-9\n        ', 'volume': '135D 2'}",6335012,,,,,,10.1016/s0769-2625(84)80092-6
224305705,"{'ACL': None, 'DBLP': None, 'ArXiv': None, 'MAG': '1527174596', 'CorpusId': '224305705', 'PubMed': None, 'DOI': None, 'PubMedCentral': None}",https://www.semanticscholar.org/paper/7d5f8820bb656c350bd32f58f100b704355656e3,弗罗姆“人性异化论”探析,"[{'authorId': '66208463', 'name': '王元'}]",,,1996,0,0,0,False,,,,"{'name': '', 'pages': '63-66', 'volume': ''}",,,1527174596,,,,
111343877,"{'ACL': None, 'DBLP': None, 'ArXiv': None, 'MAG': '2181913731', 'CorpusId': '111343877', 'PubMed': None, 'DOI': None, 'PubMedCentral': None}",https://www.semanticscholar.org/paper/c28fd26ffd2e3b5030daf4dca01706b97ce585f6,Laser-Power Stabilization Using a,"[{'authorId': '2375859', 'name': 'B. Shoop'}, {'authorId': '50126851', 'name': 'J. Goodman'}, {'authorId': '96896220', 'name': 'J. Harris'}]",,,1992,6,0,0,False,"[{'category': 'Engineering', 'source': 's2-fos-model'}, {'category': 'Physics', 'source': 's2-fos-model'}, {'category': 'Materials Science', 'source': 'external'}]",,,"{'name': '', 'pages': None, 'volume': ''}",,,2181913731,,,,
225798605,"{'ACL': None, 'DBLP': None, 'ArXiv': None, 'MAG': '3039084661', 'CorpusId': '225798605', 'PubMed': None, 'DOI': '10.35445/alishlah.v12i1.174', 'PubMedCentral': None}",https://www.semanticscholar.org/paper/5ec5903d7fdf8d00918700f69beacbc925e14533,BTS-BI APPLICATION (INDONESIAN STUDENT TEXT BOOK) BASED ON ANDROID,"[{'authorId': '2005844757', 'name': 'Endah Riski Kartini'}, {'authorId': '2150367735', 'name': 'Sri Budi Utami'}, {'authorId': '2150367752', 'name': 'Opie Octaviana Sari'}]",,,2020,26,3,1,True,"[{'category': 'Computer Science', 'source': 's2-fos-model'}, {'category': 'Education', 'source': 's2-fos-model'}, {'category': 'Computer Science', 'source': 'external'}]",,2020-06-30,"{'name': '', 'pages': '158-175', 'volume': '12'}",,,3039084661,,,,10.35445/alishlah.v12i1.174
213039282,"{'ACL': None, 'DBLP': None, 'ArXiv': None, 'MAG': '2992014539', 'CorpusId': '213039282', 'PubMed': None, 'DOI': '10.1177/0954406219893001', 'PubMedCentral': None}",https://www.semanticscholar.org/paper/54618fea1d4d46059b289236d2f6ea0b0fe9dd5f,Study on ultrasonic-assisted drilling of Ti6Al4V using 3-flute drill in the finite element simulation,"[{'authorId': '2296405578', 'name': 'Peng Wang'}, {'authorId': '49370939', 'name': 'Dazhong Wang'}]",,,2020,46,18,0,True,"[{'category': 'Engineering', 'source': 's2-fos-model'}, {'category': 'Materials Science', 'source': 's2-fos-model'}, {'category': 'Geology', 'source': 'external'}]",['JournalArticle'],2020-04-01,"{'name': 'Proceedings of the Institution of Mechanical Engineers, Part C: Journal of Mechanical Engineering Science', 'pages': '1298 - 1310', 'volume': '234'}",,,2992014539,,,,10.1177/0954406219893001
38839406,"{'ACL': None, 'DBLP': None, 'ArXiv': None, 'MAG': '2413884916', 'CorpusId': '38839406', 'PubMed': '3400353', 'DOI': None, 'PubMedCentral': None}",https://www.semanticscholar.org/paper/0711113ff98f2cfa95bb39d3de3f6c8440e60fb2,[Iron balance in hemodialysis in chronic uremia].,"[{'authorId': '5313003', 'name': 'F. Kokot'}, {'authorId': '14783357', 'name': 'A. Warmuz'}]",Zeitschrift fur Urologie und Nephrologie,215d444d-59ec-46e6-bcad-3213e277d709,1988,0,0,0,False,"[{'category': 'Medicine', 'source': 's2-fos-model'}, {'category': 'Medicine', 'source': 'external'}]",['JournalArticle'],1988-04-01,"{'name': 'Zeitschrift fur Urologie und Nephrologie', 'pages': '\n          263-8\n        ', 'volume': '81 4'}",3400353,,2413884916,,,,
85764932,"{'ACL': None, 'DBLP': None, 'ArXiv': None, 'MAG': '2196104895', 'CorpusId': '85764932', 'PubMed': None, 'DOI': '10.1016/B978-0-7506-0421-5.50014-3', 'PubMedCentral': None}",https://www.semanticscholar.org/paper/bc32490f90f293edd08499299ce64d575a75f82c,SURVIVAL OF B LYMPHOCYTES IS PROLONGED AFTER INFECTION WITH IMMORTALIZING VIRUSES,"[{'authorId': '48822163', 'name': 'W. Filsell'}, {'authorId': '40492103', 'name': 'S. A. Bayley'}]",,,1992,2,0,0,False,"[{'category': 'Biology', 'source': 's2-fos-model'}, {'category': 'Biology', 'source': 'external'}]",,,"{'name': 'Animal Cell TechnologyDevelopments, Processes and Products', 'pages': '23-25', 'volume': ''}",,,2196104895,,,,10.1016/B978-0-7506-0421-5.50014-3
176496998,"{'ACL': None, 'DBLP': None, 'ArXiv': None, 'MAG': '1532374202', 'CorpusId': '176496998', 'PubMed': None, 'DOI': None, 'PubMedCentral': None}",https://www.semanticscholar.org/paper/f4b404281d273fdff316d47ec54e3c8eba67783c,System monitorowania węzłów cieplnych,"[{'authorId': '2086108796', 'name': 'J. Bobowski'}]",,,2002,0,0,0,False,,,,"{'name': '', 'pages': '50-51', 'volume': ''}",,,1532374202,,,,
245592349,"{'ACL': None, 'DBLP': None, 'ArXiv': None, 'MAG': None, 'CorpusId': '245592349', 'PubMed': None, 'DOI': None, 'PubMedCentral': None}",https://www.semanticscholar.org/paper/ca96a0dfbe1d706bedb0a5d2e6983bce53440ed2,The Tepary Connection : A Visit,"[{'authorId': '89517869', 'name': 'J. Waines'}]",,,2014,173,0,0,False,,,,,,,,,,,
243437010,"{'ACL': None, 'DBLP': None, 'ArXiv': None, 'MAG': None, 'CorpusId': '243437010', 'PubMed': None, 'DOI': '10.1093/ndt/gfaa108', 'PubMedCentral': None}",https://www.semanticscholar.org/paper/725a0188c1b09772b0b7672c384e12c3d56098a6,OUP accepted manuscript,[],"Nephrology, Dialysis and Transplantation",c7326cb3-e6df-4764-8998-3bb03b31684a,2020,0,1,0,False,,,,"{'name': 'Nephrology Dialysis Transplantation', 'pages': None, 'volume': None}",,,,,,,10.1093/ndt/gfaa108
185068317,"{'ACL': None, 'DBLP': None, 'ArXiv': None, 'MAG': '2600847775', 'CorpusId': '185068317', 'PubMed': None, 'DOI': None, 'PubMedCentral': None}",https://www.semanticscholar.org/paper/3f2a86cb63fa15c089e46bc001a235a949f1e1e4,"再考 スポーツに必要な栄養の話 : 基本となること 聞いてみたいこと 実践したいこと(第3回)パフォーマンスを上げる食事,栄養の話","[{'authorId': '83565058', 'name': '杉浦 克己'}]",,,2017,0,0,0,False,,,2017-03-01,"{'name': '', 'pages': '294-300', 'volume': '34'}",,,2600847775,,,,
