paperID,reviewerID,grade,review
9930113,2074547158,3,"The research is well-organized, and the arguments are clear. However, it could benefit from a more detailed discussion on future work."
9930113,2054443841,5,"A strong paper with great potential. The results are convincing, but more details on implementation would be helpful."
65325816,1387383345,1,"The paper presents a novel approach, but the lack of comprehensive data analysis and comparison with existing techniques limits its impact."
65325816,2094549396,2,"The paper is well-written and presents a clear framework. However, some of the results seem inconclusive and need further clarification."
253618518,2223598156,3,"Interesting work. The approach is promising, but the paper would benefit from a more robust evaluation and validation process."
253618518,97438318,3,"The paper presents a novel approach, but the lack of comprehensive data analysis and comparison with existing techniques limits its impact."
178887072,1387383345,4,An excellent study with great depth and clarity. The methodology is well-designed and results are compelling.
178887072,2094549396,3,An excellent study with great depth and clarity. The methodology is well-designed and results are compelling.
178887072,70184946,3,This study offers a solid introduction to the topic but lacks originality and could benefit from a more thorough literature review.
168917853,2283010663,3,"This paper provides insightful contributions to the field of artificial intelligence, but it lacks sufficient experimental validation."
171679629,92184355,2,This study offers a solid introduction to the topic but lacks originality and could benefit from a more thorough literature review.
171679629,9091633,5,An excellent study with great depth and clarity. The methodology is well-designed and results are compelling.
241084347,136117945,2,"The paper presents a novel approach, but the lack of comprehensive data analysis and comparison with existing techniques limits its impact."
16492375,91427121,1,"Interesting work. The approach is promising, but the paper would benefit from a more robust evaluation and validation process."
16492375,119260307,5,"A strong paper with great potential. The results are convincing, but more details on implementation would be helpful."
16492375,92184355,2,An excellent study with great depth and clarity. The methodology is well-designed and results are compelling.
139856224,2072129086,2,"The paper presents a novel approach, but the lack of comprehensive data analysis and comparison with existing techniques limits its impact."
195728009,2327561551,1,"Interesting work. The approach is promising, but the paper would benefit from a more robust evaluation and validation process."
195728009,2094549396,1,"Interesting work. The approach is promising, but the paper would benefit from a more robust evaluation and validation process."
19135917,91427121,4,"The research is well-organized, and the arguments are clear. However, it could benefit from a more detailed discussion on future work."
19135917,2080584615,4,"The research is well-organized, and the arguments are clear. However, it could benefit from a more detailed discussion on future work."
19135917,2054443841,4,"A strong paper with great potential. The results are convincing, but more details on implementation would be helpful."
57163336,2197847926,1,"This paper provides insightful contributions to the field of artificial intelligence, but it lacks sufficient experimental validation."
57163336,2077848049,5,An excellent study with great depth and clarity. The methodology is well-designed and results are compelling.
271178615,2142275626,1,"The paper presents a novel approach, but the lack of comprehensive data analysis and comparison with existing techniques limits its impact."
271178615,116832008,3,This study offers a solid introduction to the topic but lacks originality and could benefit from a more thorough literature review.
128776622,16768256,4,"This paper provides insightful contributions to the field of artificial intelligence, but it lacks sufficient experimental validation."
128776622,2077457340,5,"The research is well-organized, and the arguments are clear. However, it could benefit from a more detailed discussion on future work."
128776622,98115379,4,"Interesting work. The approach is promising, but the paper would benefit from a more robust evaluation and validation process."
45881439,84499142,4,"The research is well-organized, and the arguments are clear. However, it could benefit from a more detailed discussion on future work."
234561917,115321826,4,An excellent study with great depth and clarity. The methodology is well-designed and results are compelling.
240775538,2074630461,4,"The paper is well-written and presents a clear framework. However, some of the results seem inconclusive and need further clarification."
240775538,147038253,1,"A strong paper with great potential. The results are convincing, but more details on implementation would be helpful."
240775538,2080584615,1,"A strong paper with great potential. The results are convincing, but more details on implementation would be helpful."
237842496,2074630461,1,This study offers a solid introduction to the topic but lacks originality and could benefit from a more thorough literature review.
237842496,11699225,3,"The paper is well-written and presents a clear framework. However, some of the results seem inconclusive and need further clarification."
28199803,98115379,3,"A strong paper with great potential. The results are convincing, but more details on implementation would be helpful."
28199803,88939460,5,"The research is well-organized, and the arguments are clear. However, it could benefit from a more detailed discussion on future work."
28199803,25510217,2,"Interesting work. The approach is promising, but the paper would benefit from a more robust evaluation and validation process."
67774686,1413260655,4,An excellent study with great depth and clarity. The methodology is well-designed and results are compelling.
67774686,2074547158,2,This study offers a solid introduction to the topic but lacks originality and could benefit from a more thorough literature review.
67774686,134841893,4,An excellent study with great depth and clarity. The methodology is well-designed and results are compelling.
235530281,114237122,5,This study offers a solid introduction to the topic but lacks originality and could benefit from a more thorough literature review.
235530281,2096038526,2,"The paper presents a novel approach, but the lack of comprehensive data analysis and comparison with existing techniques limits its impact."
235530281,88939460,3,"Interesting work. The approach is promising, but the paper would benefit from a more robust evaluation and validation process."
138199703,136117945,2,"The paper is well-written and presents a clear framework. However, some of the results seem inconclusive and need further clarification."
138199703,2320390101,3,"The paper is well-written and presents a clear framework. However, some of the results seem inconclusive and need further clarification."
138199703,113725248,1,"Interesting work. The approach is promising, but the paper would benefit from a more robust evaluation and validation process."
153146977,2074630461,4,"Interesting work. The approach is promising, but the paper would benefit from a more robust evaluation and validation process."
247834289,30758235,2,"This paper provides insightful contributions to the field of artificial intelligence, but it lacks sufficient experimental validation."
142083861,2230924467,2,"Interesting work. The approach is promising, but the paper would benefit from a more robust evaluation and validation process."
142083861,2238095501,1,An excellent study with great depth and clarity. The methodology is well-designed and results are compelling.
252693062,11699225,1,"This paper provides insightful contributions to the field of artificial intelligence, but it lacks sufficient experimental validation."
201659424,2052354680,5,"The research is well-organized, and the arguments are clear. However, it could benefit from a more detailed discussion on future work."
201659424,144600260,3,"The paper is well-written and presents a clear framework. However, some of the results seem inconclusive and need further clarification."
64687638,32429869,1,"A strong paper with great potential. The results are convincing, but more details on implementation would be helpful."
64687638,96020583,5,"This paper provides insightful contributions to the field of artificial intelligence, but it lacks sufficient experimental validation."
64687638,114985438,1,"The paper presents a novel approach, but the lack of comprehensive data analysis and comparison with existing techniques limits its impact."
42152825,2127672639,2,"The paper presents a novel approach, but the lack of comprehensive data analysis and comparison with existing techniques limits its impact."
42152825,135800392,1,This study offers a solid introduction to the topic but lacks originality and could benefit from a more thorough literature review.
110369551,82272013,3,"A strong paper with great potential. The results are convincing, but more details on implementation would be helpful."
154462421,2223598156,3,"This paper provides insightful contributions to the field of artificial intelligence, but it lacks sufficient experimental validation."
185412623,2071945856,3,"This paper provides insightful contributions to the field of artificial intelligence, but it lacks sufficient experimental validation."
185412623,144600260,5,"This paper provides insightful contributions to the field of artificial intelligence, but it lacks sufficient experimental validation."
185412623,6929636,3,An excellent study with great depth and clarity. The methodology is well-designed and results are compelling.
227697209,114985438,4,"This paper provides insightful contributions to the field of artificial intelligence, but it lacks sufficient experimental validation."
217235673,2071945856,5,"The research is well-organized, and the arguments are clear. However, it could benefit from a more detailed discussion on future work."
217235673,121833678,1,An excellent study with great depth and clarity. The methodology is well-designed and results are compelling.
217235673,30818210,1,This study offers a solid introduction to the topic but lacks originality and could benefit from a more thorough literature review.
238161099,79619869,5,"A strong paper with great potential. The results are convincing, but more details on implementation would be helpful."
238161099,70184946,5,"A strong paper with great potential. The results are convincing, but more details on implementation would be helpful."
238161099,2127672639,2,"The research is well-organized, and the arguments are clear. However, it could benefit from a more detailed discussion on future work."
29246173,2290777887,2,"A strong paper with great potential. The results are convincing, but more details on implementation would be helpful."
26397690,115725224,4,An excellent study with great depth and clarity. The methodology is well-designed and results are compelling.
26397690,123468344,5,"A strong paper with great potential. The results are convincing, but more details on implementation would be helpful."
26397690,117883993,1,"The paper presents a novel approach, but the lack of comprehensive data analysis and comparison with existing techniques limits its impact."
41574606,88939460,5,"This paper provides insightful contributions to the field of artificial intelligence, but it lacks sufficient experimental validation."
41574606,7750354,4,"A strong paper with great potential. The results are convincing, but more details on implementation would be helpful."
96848430,2212810753,1,An excellent study with great depth and clarity. The methodology is well-designed and results are compelling.
96848430,7750354,4,"The paper is well-written and presents a clear framework. However, some of the results seem inconclusive and need further clarification."
152919101,2077848049,2,"The paper presents a novel approach, but the lack of comprehensive data analysis and comparison with existing techniques limits its impact."
152919101,32429869,3,This study offers a solid introduction to the topic but lacks originality and could benefit from a more thorough literature review.
152919101,2085707060,1,"The research is well-organized, and the arguments are clear. However, it could benefit from a more detailed discussion on future work."
232002736,114602432,3,An excellent study with great depth and clarity. The methodology is well-designed and results are compelling.
232002736,144705453,5,An excellent study with great depth and clarity. The methodology is well-designed and results are compelling.
232002736,2095409813,4,An excellent study with great depth and clarity. The methodology is well-designed and results are compelling.
27244264,98457226,4,"This paper provides insightful contributions to the field of artificial intelligence, but it lacks sufficient experimental validation."
27244264,2314409110,3,"The research is well-organized, and the arguments are clear. However, it could benefit from a more detailed discussion on future work."
27244264,2197847926,4,"Interesting work. The approach is promising, but the paper would benefit from a more robust evaluation and validation process."
187295235,144600260,2,This study offers a solid introduction to the topic but lacks originality and could benefit from a more thorough literature review.
187295235,2278948993,4,An excellent study with great depth and clarity. The methodology is well-designed and results are compelling.
186977385,79619869,2,"The paper presents a novel approach, but the lack of comprehensive data analysis and comparison with existing techniques limits its impact."
148662897,135800392,4,"A strong paper with great potential. The results are convincing, but more details on implementation would be helpful."
147951709,1387383345,1,"The research is well-organized, and the arguments are clear. However, it could benefit from a more detailed discussion on future work."
147951709,2127672639,3,"The research is well-organized, and the arguments are clear. However, it could benefit from a more detailed discussion on future work."
176561991,117883993,2,"This paper provides insightful contributions to the field of artificial intelligence, but it lacks sufficient experimental validation."
176561991,2077457340,4,"The paper presents a novel approach, but the lack of comprehensive data analysis and comparison with existing techniques limits its impact."
120690647,1413260655,5,This study offers a solid introduction to the topic but lacks originality and could benefit from a more thorough literature review.
120690647,97438318,4,"The paper presents a novel approach, but the lack of comprehensive data analysis and comparison with existing techniques limits its impact."
10463111,2094549396,4,"The paper presents a novel approach, but the lack of comprehensive data analysis and comparison with existing techniques limits its impact."
58113075,2078399506,5,This study offers a solid introduction to the topic but lacks originality and could benefit from a more thorough literature review.
58113075,134841893,1,"Interesting work. The approach is promising, but the paper would benefit from a more robust evaluation and validation process."
75908838,2095409813,5,An excellent study with great depth and clarity. The methodology is well-designed and results are compelling.
75908838,9091633,5,"The research is well-organized, and the arguments are clear. However, it could benefit from a more detailed discussion on future work."
75908838,2238095501,3,"The paper presents a novel approach, but the lack of comprehensive data analysis and comparison with existing techniques limits its impact."
83938103,2269252520,1,"The paper presents a novel approach, but the lack of comprehensive data analysis and comparison with existing techniques limits its impact."
83938103,114602432,1,"The paper presents a novel approach, but the lack of comprehensive data analysis and comparison with existing techniques limits its impact."
114821127,73535439,2,"The paper is well-written and presents a clear framework. However, some of the results seem inconclusive and need further clarification."
114821127,2223598156,1,This study offers a solid introduction to the topic but lacks originality and could benefit from a more thorough literature review.
114821127,135800392,5,"The paper is well-written and presents a clear framework. However, some of the results seem inconclusive and need further clarification."
166949395,2080584615,4,This study offers a solid introduction to the topic but lacks originality and could benefit from a more thorough literature review.
166949395,2286047378,1,"This paper provides insightful contributions to the field of artificial intelligence, but it lacks sufficient experimental validation."
166949395,96020583,2,"The paper is well-written and presents a clear framework. However, some of the results seem inconclusive and need further clarification."
202473233,117796062,5,"The paper is well-written and presents a clear framework. However, some of the results seem inconclusive and need further clarification."
202473233,2247065924,1,"Interesting work. The approach is promising, but the paper would benefit from a more robust evaluation and validation process."
202473233,1478114560,4,This study offers a solid introduction to the topic but lacks originality and could benefit from a more thorough literature review.
199123959,84499142,5,"This paper provides insightful contributions to the field of artificial intelligence, but it lacks sufficient experimental validation."
199123959,2072129086,4,"The research is well-organized, and the arguments are clear. However, it could benefit from a more detailed discussion on future work."
127200544,11699225,4,"Interesting work. The approach is promising, but the paper would benefit from a more robust evaluation and validation process."
127200544,91427121,5,This study offers a solid introduction to the topic but lacks originality and could benefit from a more thorough literature review.
127200544,108608370,5,"The paper is well-written and presents a clear framework. However, some of the results seem inconclusive and need further clarification."
133790351,136117945,2,An excellent study with great depth and clarity. The methodology is well-designed and results are compelling.
137761863,2077848049,3,"The research is well-organized, and the arguments are clear. However, it could benefit from a more detailed discussion on future work."
137761863,2197847926,5,This study offers a solid introduction to the topic but lacks originality and could benefit from a more thorough literature review.
137761863,92184355,1,"The paper is well-written and presents a clear framework. However, some of the results seem inconclusive and need further clarification."
235484356,148481818,1,"The paper is well-written and presents a clear framework. However, some of the results seem inconclusive and need further clarification."
235484356,102186586,3,"The paper is well-written and presents a clear framework. However, some of the results seem inconclusive and need further clarification."
235484356,114237122,1,"The paper is well-written and presents a clear framework. However, some of the results seem inconclusive and need further clarification."
28630532,2197847926,1,"A strong paper with great potential. The results are convincing, but more details on implementation would be helpful."
25655394,117796062,4,"Interesting work. The approach is promising, but the paper would benefit from a more robust evaluation and validation process."
25655394,32429869,1,"The paper presents a novel approach, but the lack of comprehensive data analysis and comparison with existing techniques limits its impact."
25655394,119860338,2,"The paper presents a novel approach, but the lack of comprehensive data analysis and comparison with existing techniques limits its impact."
110298854,114237122,4,"The paper is well-written and presents a clear framework. However, some of the results seem inconclusive and need further clarification."
110298854,6929636,4,"Interesting work. The approach is promising, but the paper would benefit from a more robust evaluation and validation process."
110298854,115725224,5,An excellent study with great depth and clarity. The methodology is well-designed and results are compelling.
186868338,79619869,5,"A strong paper with great potential. The results are convincing, but more details on implementation would be helpful."
147458872,2127672639,3,"The paper is well-written and presents a clear framework. However, some of the results seem inconclusive and need further clarification."
131065985,114237122,3,"The research is well-organized, and the arguments are clear. However, it could benefit from a more detailed discussion on future work."
131065985,2085707060,4,"This paper provides insightful contributions to the field of artificial intelligence, but it lacks sufficient experimental validation."
131065985,98115379,3,"The paper is well-written and presents a clear framework. However, some of the results seem inconclusive and need further clarification."
245701070,2238095501,3,"Interesting work. The approach is promising, but the paper would benefit from a more robust evaluation and validation process."
226510755,2212810753,4,"Interesting work. The approach is promising, but the paper would benefit from a more robust evaluation and validation process."
226510755,123468344,2,This study offers a solid introduction to the topic but lacks originality and could benefit from a more thorough literature review.
226510755,2150224089,4,This study offers a solid introduction to the topic but lacks originality and could benefit from a more thorough literature review.
35910203,113037341,5,"The research is well-organized, and the arguments are clear. However, it could benefit from a more detailed discussion on future work."
35910203,92071594,3,"The paper presents a novel approach, but the lack of comprehensive data analysis and comparison with existing techniques limits its impact."
35910203,120058751,5,"This paper provides insightful contributions to the field of artificial intelligence, but it lacks sufficient experimental validation."
247019183,108608370,1,"A strong paper with great potential. The results are convincing, but more details on implementation would be helpful."
84365726,2247065924,4,"The research is well-organized, and the arguments are clear. However, it could benefit from a more detailed discussion on future work."
34333286,98115379,2,"The research is well-organized, and the arguments are clear. However, it could benefit from a more detailed discussion on future work."
34333286,2243441353,1,"The paper presents a novel approach, but the lack of comprehensive data analysis and comparison with existing techniques limits its impact."
34333286,114237122,4,"A strong paper with great potential. The results are convincing, but more details on implementation would be helpful."
128938719,2327561551,2,"The research is well-organized, and the arguments are clear. However, it could benefit from a more detailed discussion on future work."
165070335,2077457340,3,An excellent study with great depth and clarity. The methodology is well-designed and results are compelling.
165070335,98115379,1,"Interesting work. The approach is promising, but the paper would benefit from a more robust evaluation and validation process."
165070335,115321826,3,"Interesting work. The approach is promising, but the paper would benefit from a more robust evaluation and validation process."
114391730,2282867097,1,"The paper presents a novel approach, but the lack of comprehensive data analysis and comparison with existing techniques limits its impact."
114391730,2286047378,1,"A strong paper with great potential. The results are convincing, but more details on implementation would be helpful."
114391730,2085707060,5,"The paper is well-written and presents a clear framework. However, some of the results seem inconclusive and need further clarification."
133758434,1396011352,5,"A strong paper with great potential. The results are convincing, but more details on implementation would be helpful."
133758434,2259804120,3,An excellent study with great depth and clarity. The methodology is well-designed and results are compelling.
133758434,2223598156,2,"This paper provides insightful contributions to the field of artificial intelligence, but it lacks sufficient experimental validation."
191662050,88939460,3,An excellent study with great depth and clarity. The methodology is well-designed and results are compelling.
249370499,1413260655,1,"The paper presents a novel approach, but the lack of comprehensive data analysis and comparison with existing techniques limits its impact."
15395218,96020583,2,"The paper presents a novel approach, but the lack of comprehensive data analysis and comparison with existing techniques limits its impact."
15395218,2197847926,1,"Interesting work. The approach is promising, but the paper would benefit from a more robust evaluation and validation process."
15395218,1405212200,3,"Interesting work. The approach is promising, but the paper would benefit from a more robust evaluation and validation process."
258205738,2127672639,1,"A strong paper with great potential. The results are convincing, but more details on implementation would be helpful."
257891264,98457226,2,"Interesting work. The approach is promising, but the paper would benefit from a more robust evaluation and validation process."
257891264,96020583,5,An excellent study with great depth and clarity. The methodology is well-designed and results are compelling.
224986272,2094549396,1,"A strong paper with great potential. The results are convincing, but more details on implementation would be helpful."
224986272,2074547158,2,"This paper provides insightful contributions to the field of artificial intelligence, but it lacks sufficient experimental validation."
46830937,134455757,4,"A strong paper with great potential. The results are convincing, but more details on implementation would be helpful."
46830937,2072129086,4,"A strong paper with great potential. The results are convincing, but more details on implementation would be helpful."
193494242,113725248,4,"Interesting work. The approach is promising, but the paper would benefit from a more robust evaluation and validation process."
193494242,98115379,2,"The paper presents a novel approach, but the lack of comprehensive data analysis and comparison with existing techniques limits its impact."
83037164,144600260,3,"This paper provides insightful contributions to the field of artificial intelligence, but it lacks sufficient experimental validation."
100436279,70184946,3,An excellent study with great depth and clarity. The methodology is well-designed and results are compelling.
87417287,2080212062,3,"The paper presents a novel approach, but the lack of comprehensive data analysis and comparison with existing techniques limits its impact."
268173266,2094549396,4,"A strong paper with great potential. The results are convincing, but more details on implementation would be helpful."
19773478,84499142,5,An excellent study with great depth and clarity. The methodology is well-designed and results are compelling.
19773478,2094549396,4,"The research is well-organized, and the arguments are clear. However, it could benefit from a more detailed discussion on future work."
19773478,70184946,1,"This paper provides insightful contributions to the field of artificial intelligence, but it lacks sufficient experimental validation."
9169568,73535439,3,"A strong paper with great potential. The results are convincing, but more details on implementation would be helpful."
9169568,2269252520,5,"This paper provides insightful contributions to the field of artificial intelligence, but it lacks sufficient experimental validation."
224305705,96020583,3,An excellent study with great depth and clarity. The methodology is well-designed and results are compelling.
224305705,136117945,1,"A strong paper with great potential. The results are convincing, but more details on implementation would be helpful."
111343877,2072129086,5,This study offers a solid introduction to the topic but lacks originality and could benefit from a more thorough literature review.
111343877,133754873,1,"The paper is well-written and presents a clear framework. However, some of the results seem inconclusive and need further clarification."
225798605,119260307,3,"This paper provides insightful contributions to the field of artificial intelligence, but it lacks sufficient experimental validation."
225798605,98115379,2,An excellent study with great depth and clarity. The methodology is well-designed and results are compelling.
213039282,82272013,2,"The paper presents a novel approach, but the lack of comprehensive data analysis and comparison with existing techniques limits its impact."
213039282,2267417712,1,An excellent study with great depth and clarity. The methodology is well-designed and results are compelling.
213039282,1387383345,4,"Interesting work. The approach is promising, but the paper would benefit from a more robust evaluation and validation process."
38839406,1396011352,3,This study offers a solid introduction to the topic but lacks originality and could benefit from a more thorough literature review.
85764932,16768256,1,"A strong paper with great potential. The results are convincing, but more details on implementation would be helpful."
85764932,2122080888,2,"The paper presents a novel approach, but the lack of comprehensive data analysis and comparison with existing techniques limits its impact."
85764932,96020583,4,"The paper is well-written and presents a clear framework. However, some of the results seem inconclusive and need further clarification."
176496998,2075201817,3,"The paper is well-written and presents a clear framework. However, some of the results seem inconclusive and need further clarification."
176496998,2122080888,4,This study offers a solid introduction to the topic but lacks originality and could benefit from a more thorough literature review.
245592349,1479567819,4,"The research is well-organized, and the arguments are clear. However, it could benefit from a more detailed discussion on future work."
245592349,136117945,3,This study offers a solid introduction to the topic but lacks originality and could benefit from a more thorough literature review.
245592349,1396011352,5,"A strong paper with great potential. The results are convincing, but more details on implementation would be helpful."
243437010,1484740366,1,"The paper presents a novel approach, but the lack of comprehensive data analysis and comparison with existing techniques limits its impact."
243437010,2127672639,4,"A strong paper with great potential. The results are convincing, but more details on implementation would be helpful."
185068317,121833678,3,"The research is well-organized, and the arguments are clear. However, it could benefit from a more detailed discussion on future work."
185068317,1484740366,4,An excellent study with great depth and clarity. The methodology is well-designed and results are compelling.
185068317,133754873,1,"The paper is well-written and presents a clear framework. However, some of the results seem inconclusive and need further clarification."
